year,region_id,origin_region,destination_region,lat,lon,demand_tons,commodity_group
2024,Seoul,Seoul,Busan,37.5665,126.978,265.43,Fresh_Food
2024,Seoul,Seoul,Busan,37.5665,126.978,1234.38,Beverages
2024,Seoul,Seoul,Busan,37.5665,126.978,583.83,Packaged_Food
2024,Seoul,Seoul,Busan,37.5665,126.978,542.08,Personal_Care
2024,Seoul,Seoul,Daegu,37.5665,126.978,189.88,Fresh_Food
2024,Seoul,Seoul,Daegu,37.5665,126.978,740.03,Beverages
2024,Seoul,Seoul,Daegu,37.5665,126.978,387.93,Packaged_Food
2024,Seoul,Seoul,Daegu,37.5665,126.978,228.89,Personal_Care
2024,Seoul,Seoul,Incheon,37.5665,126.978,208.26,Fresh_Food
2024,Seoul,Seoul,Incheon,37.5665,126.978,1127.88,Beverages
2024,Seoul,Seoul,Incheon,37.5665,126.978,493.82,Packaged_Food
2024,Seoul,Seoul,Incheon,37.5665,126.978,550.15,Personal_Care
2024,Seoul,Seoul,Gwangju,37.5665,126.978,87.1,Fresh_Food
2024,Seoul,Seoul,Gwangju,37.5665,126.978,636.58,Beverages
2024,Seoul,Seoul,Gwangju,37.5665,126.978,346.56,Packaged_Food
2024,Seoul,Seoul,Gwangju,37.5665,126.978,336.6,Personal_Care
2024,Seoul,Seoul,Daejeon,37.5665,126.978,201.63,Fresh_Food
2024,Seoul,Seoul,Daejeon,37.5665,126.978,678.2,Beverages
2024,Seoul,Seoul,Daejeon,37.5665,126.978,241.3,Packaged_Food
2024,Seoul,Seoul,Daejeon,37.5665,126.978,260.57,Personal_Care
2024,Seoul,Seoul,Ulsan,37.5665,126.978,224.88,Fresh_Food
2024,Seoul,Seoul,Ulsan,37.5665,126.978,776.51,Beverages
2024,Seoul,Seoul,Ulsan,37.5665,126.978,326.28,Packaged_Food
2024,Seoul,Seoul,Ulsan,37.5665,126.978,322.81,Personal_Care
2024,Seoul,Seoul,Sejong,37.5665,126.978,57.39,Fresh_Food
2024,Seoul,Seoul,Sejong,37.5665,126.978,279.75,Beverages
2024,Seoul,Seoul,Sejong,37.5665,126.978,116.43,Packaged_Food
2024,Seoul,Seoul,Sejong,37.5665,126.978,117.64,Personal_Care
2024,Seoul,Seoul,Gyeonggi,37.5665,126.978,585.3,Fresh_Food
2024,Seoul,Seoul,Gyeonggi,37.5665,126.978,2413.54,Beverages
2024,Seoul,Seoul,Gyeonggi,37.5665,126.978,1221.67,Packaged_Food
2024,Seoul,Seoul,Gyeonggi,37.5665,126.978,1174.57,Personal_Care
2024,Seoul,Seoul,Gangwon,37.5665,126.978,95.8,Fresh_Food
2024,Seoul,Seoul,Gangwon,37.5665,126.978,486.18,Beverages
2024,Seoul,Seoul,Gangwon,37.5665,126.978,165.2,Packaged_Food
2024,Seoul,Seoul,Gangwon,37.5665,126.978,287.97,Personal_Care
2024,Seoul,Seoul,Chungbuk,37.5665,126.978,214.27,Fresh_Food
2024,Seoul,Seoul,Chungbuk,37.5665,126.978,568.72,Beverages
2024,Seoul,Seoul,Chungbuk,37.5665,126.978,280.08,Packaged_Food
2024,Seoul,Seoul,Chungbuk,37.5665,126.978,362.17,Personal_Care
2024,Seoul,Seoul,Chungnam,37.5665,126.978,203.85,Fresh_Food
2024,Seoul,Seoul,Chungnam,37.5665,126.978,869.41,Beverages
2024,Seoul,Seoul,Chungnam,37.5665,126.978,415.38,Packaged_Food
2024,Seoul,Seoul,Chungnam,37.5665,126.978,497.82,Personal_Care
2024,Seoul,Seoul,Jeonbuk,37.5665,126.978,174.5,Fresh_Food
2024,Seoul,Seoul,Jeonbuk,37.5665,126.978,627.38,Beverages
2024,Seoul,Seoul,Jeonbuk,37.5665,126.978,328.32,Packaged_Food
2024,Seoul,Seoul,Jeonbuk,37.5665,126.978,272.24,Personal_Care
2024,Seoul,Seoul,Jeonnam,37.5665,126.978,126.84,Fresh_Food
2024,Seoul,Seoul,Jeonnam,37.5665,126.978,638.46,Beverages
2024,Seoul,Seoul,Jeonnam,37.5665,126.978,306.32,Packaged_Food
2024,Seoul,Seoul,Jeonnam,37.5665,126.978,241.12,Personal_Care
2024,Seoul,Seoul,Gyeongbuk,37.5665,126.978,303.66,Fresh_Food
2024,Seoul,Seoul,Gyeongbuk,37.5665,126.978,888.9,Beverages
2024,Seoul,Seoul,Gyeongbuk,37.5665,126.978,421.88,Packaged_Food
2024,Seoul,Seoul,Gyeongbuk,37.5665,126.978,406.32,Personal_Care
2024,Seoul,Seoul,Gyeongnam,37.5665,126.978,249.93,Fresh_Food
2024,Seoul,Seoul,Gyeongnam,37.5665,126.978,985.88,Beverages
2024,Seoul,Seoul,Gyeongnam,37.5665,126.978,378.35,Packaged_Food
2024,Seoul,Seoul,Gyeongnam,37.5665,126.978,585.62,Personal_Care
2024,Seoul,Seoul,Jeju,37.5665,126.978,20.51,Fresh_Food
2024,Seoul,Seoul,Jeju,37.5665,126.978,239.9,Beverages
2024,Seoul,Seoul,Jeju,37.5665,126.978,121.74,Packaged_Food
2024,Seoul,Seoul,Jeju,37.5665,126.978,219.84,Personal_Care
2024,Busan,Busan,Seoul,35.1796,129.0756,295.59,Fresh_Food
2024,Busan,Busan,Seoul,35.1796,129.0756,1279.43,Beverages
2024,Busan,Busan,Seoul,35.1796,129.0756,620.34,Packaged_Food
2024,Busan,Busan,Seoul,35.1796,129.0756,551.91,Personal_Care
2024,Busan,Busan,Daegu,35.1796,129.0756,126.74,Fresh_Food
2024,Busan,Busan,Daegu,35.1796,129.0756,474.07,Beverages
2024,Busan,Busan,Daegu,35.1796,129.0756,185.8,Packaged_Food
2024,Busan,Busan,Daegu,35.1796,129.0756,257.89,Personal_Care
2024,Busan,Busan,Incheon,35.1796,129.0756,181.11,Fresh_Food
2024,Busan,Busan,Incheon,35.1796,129.0756,747.82,Beverages
2024,Busan,Busan,Incheon,35.1796,129.0756,369.67,Packaged_Food
2024,Busan,Busan,Incheon,35.1796,129.0756,327.44,Personal_Care
2024,Busan,Busan,Gwangju,35.1796,129.0756,138.42,Fresh_Food
2024,Busan,Busan,Gwangju,35.1796,129.0756,368.78,Beverages
2024,Busan,Busan,Gwangju,35.1796,129.0756,45.02,Packaged_Food
2024,Busan,Busan,Gwangju,35.1796,129.0756,206.43,Personal_Care
2024,Busan,Busan,Daejeon,35.1796,129.0756,72.3,Fresh_Food
2024,Busan,Busan,Daejeon,35.1796,129.0756,419.11,Beverages
2024,Busan,Busan,Daejeon,35.1796,129.0756,299.94,Packaged_Food
2024,Busan,Busan,Daejeon,35.1796,129.0756,301.39,Personal_Care
2024,Busan,Busan,Ulsan,35.1796,129.0756,111.74,Fresh_Food
2024,Busan,Busan,Ulsan,35.1796,129.0756,438.67,Beverages
2024,Busan,Busan,Ulsan,35.1796,129.0756,269.23,Packaged_Food
2024,Busan,Busan,Ulsan,35.1796,129.0756,221.49,Personal_Care
2024,Busan,Busan,Sejong,35.1796,129.0756,79.59,Fresh_Food
2024,Busan,Busan,Sejong,35.1796,129.0756,206.96,Beverages
2024,Busan,Busan,Sejong,35.1796,129.0756,132.53,Packaged_Food
2024,Busan,Busan,Sejong,35.1796,129.0756,79.4,Personal_Care
2024,Busan,Busan,Gyeonggi,35.1796,129.0756,459.21,Fresh_Food
2024,Busan,Busan,Gyeonggi,35.1796,129.0756,1570.5,Beverages
2024,Busan,Busan,Gyeonggi,35.1796,129.0756,833.06,Packaged_Food
2024,Busan,Busan,Gyeonggi,35.1796,129.0756,736.76,Personal_Care
2024,Busan,Busan,Gangwon,35.1796,129.0756,119.06,Fresh_Food
2024,Busan,Busan,Gangwon,35.1796,129.0756,271.68,Beverages
2024,Busan,Busan,Gangwon,35.1796,129.0756,173.06,Packaged_Food
2024,Busan,Busan,Gangwon,35.1796,129.0756,211.16,Personal_Care
2024,Busan,Busan,Chungbuk,35.1796,129.0756,90.0,Fresh_Food
2024,Busan,Busan,Chungbuk,35.1796,129.0756,348.54,Beverages
2024,Busan,Busan,Chungbuk,35.1796,129.0756,224.84,Packaged_Food
2024,Busan,Busan,Chungbuk,35.1796,129.0756,157.95,Personal_Care
2024,Busan,Busan,Chungnam,35.1796,129.0756,119.79,Fresh_Food
2024,Busan,Busan,Chungnam,35.1796,129.0756,573.27,Beverages
2024,Busan,Busan,Chungnam,35.1796,129.0756,348.03,Packaged_Food
2024,Busan,Busan,Chungnam,35.1796,129.0756,281.33,Personal_Care
2024,Busan,Busan,Jeonbuk,35.1796,129.0756,101.14,Fresh_Food
2024,Busan,Busan,Jeonbuk,35.1796,129.0756,436.88,Beverages
2024,Busan,Busan,Jeonbuk,35.1796,129.0756,202.52,Packaged_Food
2024,Busan,Busan,Jeonbuk,35.1796,129.0756,231.78,Personal_Care
2024,Busan,Busan,Jeonnam,35.1796,129.0756,153.93,Fresh_Food
2024,Busan,Busan,Jeonnam,35.1796,129.0756,383.61,Beverages
2024,Busan,Busan,Jeonnam,35.1796,129.0756,36.25,Packaged_Food
2024,Busan,Busan,Jeonnam,35.1796,129.0756,159.1,Personal_Care
2024,Busan,Busan,Gyeongbuk,35.1796,129.0756,200.43,Fresh_Food
2024,Busan,Busan,Gyeongbuk,35.1796,129.0756,558.31,Beverages
2024,Busan,Busan,Gyeongbuk,35.1796,129.0756,263.04,Packaged_Food
2024,Busan,Busan,Gyeongbuk,35.1796,129.0756,338.34,Personal_Care
2024,Busan,Busan,Gyeongnam,35.1796,129.0756,154.93,Fresh_Food
2024,Busan,Busan,Gyeongnam,35.1796,129.0756,535.37,Beverages
2024,Busan,Busan,Gyeongnam,35.1796,129.0756,244.73,Packaged_Food
2024,Busan,Busan,Gyeongnam,35.1796,129.0756,340.93,Personal_Care
2024,Busan,Busan,Jeju,35.1796,129.0756,36.66,Fresh_Food
2024,Busan,Busan,Jeju,35.1796,129.0756,232.73,Beverages
2024,Busan,Busan,Jeju,35.1796,129.0756,43.34,Packaged_Food
2024,Busan,Busan,Jeju,35.1796,129.0756,64.52,Personal_Care
2024,Daegu,Daegu,Seoul,35.8714,128.6014,135.77,Fresh_Food
2024,Daegu,Daegu,Seoul,35.8714,128.6014,693.97,Beverages
2024,Daegu,Daegu,Seoul,35.8714,128.6014,265.4,Packaged_Food
2024,Daegu,Daegu,Seoul,35.8714,128.6014,340.72,Personal_Care
2024,Daegu,Daegu,Busan,35.8714,128.6014,117.41,Fresh_Food
2024,Daegu,Daegu,Busan,35.8714,128.6014,473.18,Beverages
2024,Daegu,Daegu,Busan,35.8714,128.6014,347.48,Packaged_Food
2024,Daegu,Daegu,Busan,35.8714,128.6014,331.67,Personal_Care
2024,Daegu,Daegu,Incheon,35.8714,128.6014,70.46,Fresh_Food
2024,Daegu,Daegu,Incheon,35.8714,128.6014,329.8,Beverages
2024,Daegu,Daegu,Incheon,35.8714,128.6014,211.04,Packaged_Food
2024,Daegu,Daegu,Incheon,35.8714,128.6014,234.83,Personal_Care
2024,Daegu,Daegu,Gwangju,35.8714,128.6014,16.98,Fresh_Food
2024,Daegu,Daegu,Gwangju,35.8714,128.6014,199.45,Beverages
2024,Daegu,Daegu,Gwangju,35.8714,128.6014,199.13,Packaged_Food
2024,Daegu,Daegu,Gwangju,35.8714,128.6014,107.12,Personal_Care
2024,Daegu,Daegu,Daejeon,35.8714,128.6014,93.11,Fresh_Food
2024,Daegu,Daegu,Daejeon,35.8714,128.6014,193.48,Beverages
2024,Daegu,Daegu,Daejeon,35.8714,128.6014,117.15,Packaged_Food
2024,Daegu,Daegu,Daejeon,35.8714,128.6014,103.18,Personal_Care
2024,Daegu,Daegu,Ulsan,35.8714,128.6014,38.23,Fresh_Food
2024,Daegu,Daegu,Ulsan,35.8714,128.6014,345.77,Beverages
2024,Daegu,Daegu,Ulsan,35.8714,128.6014,74.56,Packaged_Food
2024,Daegu,Daegu,Ulsan,35.8714,128.6014,159.0,Personal_Care
2024,Daegu,Daegu,Sejong,35.8714,128.6014,18.24,Fresh_Food
2024,Daegu,Daegu,Sejong,35.8714,128.6014,164.74,Beverages
2024,Daegu,Daegu,Sejong,35.8714,128.6014,54.92,Packaged_Food
2024,Daegu,Daegu,Sejong,35.8714,128.6014,115.36,Personal_Care
2024,Daegu,Daegu,Gyeonggi,35.8714,128.6014,193.01,Fresh_Food
2024,Daegu,Daegu,Gyeonggi,35.8714,128.6014,1017.88,Beverages
2024,Daegu,Daegu,Gyeonggi,35.8714,128.6014,478.56,Packaged_Food
2024,Daegu,Daegu,Gyeonggi,35.8714,128.6014,413.57,Personal_Care
2024,Daegu,Daegu,Gangwon,35.8714,128.6014,82.01,Fresh_Food
2024,Daegu,Daegu,Gangwon,35.8714,128.6014,182.06,Beverages
2024,Daegu,Daegu,Gangwon,35.8714,128.6014,10.61,Packaged_Food
2024,Daegu,Daegu,Gangwon,35.8714,128.6014,112.62,Personal_Care
2024,Daegu,Daegu,Chungbuk,35.8714,128.6014,110.33,Fresh_Food
2024,Daegu,Daegu,Chungbuk,35.8714,128.6014,304.11,Beverages
2024,Daegu,Daegu,Chungbuk,35.8714,128.6014,101.08,Packaged_Food
2024,Daegu,Daegu,Chungbuk,35.8714,128.6014,127.27,Personal_Care
2024,Daegu,Daegu,Chungnam,35.8714,128.6014,86.53,Fresh_Food
2024,Daegu,Daegu,Chungnam,35.8714,128.6014,410.49,Beverages
2024,Daegu,Daegu,Chungnam,35.8714,128.6014,127.48,Packaged_Food
2024,Daegu,Daegu,Chungnam,35.8714,128.6014,144.77,Personal_Care
2024,Daegu,Daegu,Jeonbuk,35.8714,128.6014,18.26,Fresh_Food
2024,Daegu,Daegu,Jeonbuk,35.8714,128.6014,167.54,Beverages
2024,Daegu,Daegu,Jeonbuk,35.8714,128.6014,132.39,Packaged_Food
2024,Daegu,Daegu,Jeonbuk,35.8714,128.6014,200.06,Personal_Care
2024,Daegu,Daegu,Jeonnam,35.8714,128.6014,50.08,Fresh_Food
2024,Daegu,Daegu,Jeonnam,35.8714,128.6014,195.91,Beverages
2024,Daegu,Daegu,Jeonnam,35.8714,128.6014,129.34,Packaged_Food
2024,Daegu,Daegu,Jeonnam,35.8714,128.6014,149.46,Personal_Care
2024,Daegu,Daegu,Gyeongbuk,35.8714,128.6014,76.18,Fresh_Food
2024,Daegu,Daegu,Gyeongbuk,35.8714,128.6014,406.18,Beverages
2024,Daegu,Daegu,Gyeongbuk,35.8714,128.6014,127.38,Packaged_Food
2024,Daegu,Daegu,Gyeongbuk,35.8714,128.6014,153.65,Personal_Care
2024,Daegu,Daegu,Gyeongnam,35.8714,128.6014,110.8,Fresh_Food
2024,Daegu,Daegu,Gyeongnam,35.8714,128.6014,403.65,Beverages
2024,Daegu,Daegu,Gyeongnam,35.8714,128.6014,194.36,Packaged_Food
2024,Daegu,Daegu,Gyeongnam,35.8714,128.6014,128.08,Personal_Care
2024,Daegu,Daegu,Jeju,35.8714,128.6014,140.9,Fresh_Food
2024,Daegu,Daegu,Jeju,35.8714,128.6014,84.2,Beverages
2024,Daegu,Daegu,Jeju,35.8714,128.6014,53.51,Packaged_Food
2024,Daegu,Daegu,Jeju,35.8714,128.6014,78.84,Personal_Care
2024,Incheon,Incheon,Seoul,37.4563,126.7052,238.17,Fresh_Food
2024,Incheon,Incheon,Seoul,37.4563,126.7052,1082.85,Beverages
2024,Incheon,Incheon,Seoul,37.4563,126.7052,506.14,Packaged_Food
2024,Incheon,Incheon,Seoul,37.4563,126.7052,560.78,Personal_Care
2024,Incheon,Incheon,Busan,37.4563,126.7052,166.2,Fresh_Food
2024,Incheon,Incheon,Busan,37.4563,126.7052,733.44,Beverages
2024,Incheon,Incheon,Busan,37.4563,126.7052,307.67,Packaged_Food
2024,Incheon,Incheon,Busan,37.4563,126.7052,318.55,Personal_Care
2024,Incheon,Incheon,Daegu,37.4563,126.7052,39.74,Fresh_Food
2024,Incheon,Incheon,Daegu,37.4563,126.7052,396.47,Beverages
2024,Incheon,Incheon,Daegu,37.4563,126.7052,87.32,Packaged_Food
2024,Incheon,Incheon,Daegu,37.4563,126.7052,200.64,Personal_Care
2024,Incheon,Incheon,Gwangju,37.4563,126.7052,63.29,Fresh_Food
2024,Incheon,Incheon,Gwangju,37.4563,126.7052,367.55,Beverages
2024,Incheon,Incheon,Gwangju,37.4563,126.7052,182.23,Packaged_Food
2024,Incheon,Incheon,Gwangju,37.4563,126.7052,242.85,Personal_Care
2024,Incheon,Incheon,Daejeon,37.4563,126.7052,219.72,Fresh_Food
2024,Incheon,Incheon,Daejeon,37.4563,126.7052,416.88,Beverages
2024,Incheon,Incheon,Daejeon,37.4563,126.7052,157.34,Packaged_Food
2024,Incheon,Incheon,Daejeon,37.4563,126.7052,155.33,Personal_Care
2024,Incheon,Incheon,Ulsan,37.4563,126.7052,151.43,Fresh_Food
2024,Incheon,Incheon,Ulsan,37.4563,126.7052,347.83,Beverages
2024,Incheon,Incheon,Ulsan,37.4563,126.7052,200.24,Packaged_Food
2024,Incheon,Incheon,Ulsan,37.4563,126.7052,204.09,Personal_Care
2024,Incheon,Incheon,Sejong,37.4563,126.7052,83.21,Fresh_Food
2024,Incheon,Incheon,Sejong,37.4563,126.7052,246.69,Beverages
2024,Incheon,Incheon,Sejong,37.4563,126.7052,70.77,Packaged_Food
2024,Incheon,Incheon,Sejong,37.4563,126.7052,87.28,Personal_Care
2024,Incheon,Incheon,Gyeonggi,37.4563,126.7052,382.26,Fresh_Food
2024,Incheon,Incheon,Gyeonggi,37.4563,126.7052,1400.05,Beverages
2024,Incheon,Incheon,Gyeonggi,37.4563,126.7052,780.31,Packaged_Food
2024,Incheon,Incheon,Gyeonggi,37.4563,126.7052,750.46,Personal_Care
2024,Incheon,Incheon,Gangwon,37.4563,126.7052,80.58,Fresh_Food
2024,Incheon,Incheon,Gangwon,37.4563,126.7052,307.55,Beverages
2024,Incheon,Incheon,Gangwon,37.4563,126.7052,120.66,Packaged_Food
2024,Incheon,Incheon,Gangwon,37.4563,126.7052,112.69,Personal_Care
2024,Incheon,Incheon,Chungbuk,37.4563,126.7052,68.76,Fresh_Food
2024,Incheon,Incheon,Chungbuk,37.4563,126.7052,385.0,Beverages
2024,Incheon,Incheon,Chungbuk,37.4563,126.7052,190.05,Packaged_Food
2024,Incheon,Incheon,Chungbuk,37.4563,126.7052,158.86,Personal_Care
2024,Incheon,Incheon,Chungnam,37.4563,126.7052,163.48,Fresh_Food
2024,Incheon,Incheon,Chungnam,37.4563,126.7052,495.3,Beverages
2024,Incheon,Incheon,Chungnam,37.4563,126.7052,217.33,Packaged_Food
2024,Incheon,Incheon,Chungnam,37.4563,126.7052,264.72,Personal_Care
2024,Incheon,Incheon,Jeonbuk,37.4563,126.7052,39.35,Fresh_Food
2024,Incheon,Incheon,Jeonbuk,37.4563,126.7052,275.64,Beverages
2024,Incheon,Incheon,Jeonbuk,37.4563,126.7052,179.74,Packaged_Food
2024,Incheon,Incheon,Jeonbuk,37.4563,126.7052,147.13,Personal_Care
2024,Incheon,Incheon,Jeonnam,37.4563,126.7052,77.29,Fresh_Food
2024,Incheon,Incheon,Jeonnam,37.4563,126.7052,311.66,Beverages
2024,Incheon,Incheon,Jeonnam,37.4563,126.7052,240.45,Packaged_Food
2024,Incheon,Incheon,Jeonnam,37.4563,126.7052,146.93,Personal_Care
2024,Incheon,Incheon,Gyeongbuk,37.4563,126.7052,104.4,Fresh_Food
2024,Incheon,Incheon,Gyeongbuk,37.4563,126.7052,522.89,Beverages
2024,Incheon,Incheon,Gyeongbuk,37.4563,126.7052,183.17,Packaged_Food
2024,Incheon,Incheon,Gyeongbuk,37.4563,126.7052,179.47,Personal_Care
2024,Incheon,Incheon,Gyeongnam,37.4563,126.7052,163.05,Fresh_Food
2024,Incheon,Incheon,Gyeongnam,37.4563,126.7052,553.75,Beverages
2024,Incheon,Incheon,Gyeongnam,37.4563,126.7052,242.93,Packaged_Food
2024,Incheon,Incheon,Gyeongnam,37.4563,126.7052,318.17,Personal_Care
2024,Incheon,Incheon,Jeju,37.4563,126.7052,5.0,Fresh_Food
2024,Incheon,Incheon,Jeju,37.4563,126.7052,130.27,Beverages
2024,Incheon,Incheon,Jeju,37.4563,126.7052,27.19,Packaged_Food
2024,Incheon,Incheon,Jeju,37.4563,126.7052,87.17,Personal_Care
2024,Gwangju,Gwangju,Seoul,35.1595,126.8526,216.6,Fresh_Food
2024,Gwangju,Gwangju,Seoul,35.1595,126.8526,506.95,Beverages
2024,Gwangju,Gwangju,Seoul,35.1595,126.8526,305.63,Packaged_Food
2024,Gwangju,Gwangju,Seoul,35.1595,126.8526,342.83,Personal_Care
2024,Gwangju,Gwangju,Busan,35.1595,126.8526,78.93,Fresh_Food
2024,Gwangju,Gwangju,Busan,35.1595,126.8526,343.45,Beverages
2024,Gwangju,Gwangju,Busan,35.1595,126.8526,221.05,Packaged_Food
2024,Gwangju,Gwangju,Busan,35.1595,126.8526,250.08,Personal_Care
2024,Gwangju,Gwangju,Daegu,35.1595,126.8526,104.53,Fresh_Food
2024,Gwangju,Gwangju,Daegu,35.1595,126.8526,258.3,Beverages
2024,Gwangju,Gwangju,Daegu,35.1595,126.8526,124.9,Packaged_Food
2024,Gwangju,Gwangju,Daegu,35.1595,126.8526,75.05,Personal_Care
2024,Gwangju,Gwangju,Incheon,35.1595,126.8526,133.26,Fresh_Food
2024,Gwangju,Gwangju,Incheon,35.1595,126.8526,400.5,Beverages
2024,Gwangju,Gwangju,Incheon,35.1595,126.8526,123.1,Packaged_Food
2024,Gwangju,Gwangju,Incheon,35.1595,126.8526,198.22,Personal_Care
2024,Gwangju,Gwangju,Daejeon,35.1595,126.8526,82.64,Fresh_Food
2024,Gwangju,Gwangju,Daejeon,35.1595,126.8526,244.11,Beverages
2024,Gwangju,Gwangju,Daejeon,35.1595,126.8526,96.25,Packaged_Food
2024,Gwangju,Gwangju,Daejeon,35.1595,126.8526,57.12,Personal_Care
2024,Gwangju,Gwangju,Ulsan,35.1595,126.8526,34.89,Fresh_Food
2024,Gwangju,Gwangju,Ulsan,35.1595,126.8526,189.64,Beverages
2024,Gwangju,Gwangju,Ulsan,35.1595,126.8526,117.45,Packaged_Food
2024,Gwangju,Gwangju,Ulsan,35.1595,126.8526,107.66,Personal_Care
2024,Gwangju,Gwangju,Sejong,35.1595,126.8526,137.25,Fresh_Food
2024,Gwangju,Gwangju,Sejong,35.1595,126.8526,164.73,Beverages
2024,Gwangju,Gwangju,Sejong,35.1595,126.8526,108.48,Packaged_Food
2024,Gwangju,Gwangju,Sejong,35.1595,126.8526,83.57,Personal_Care
2024,Gwangju,Gwangju,Gyeonggi,35.1595,126.8526,181.63,Fresh_Food
2024,Gwangju,Gwangju,Gyeonggi,35.1595,126.8526,786.23,Beverages
2024,Gwangju,Gwangju,Gyeonggi,35.1595,126.8526,390.81,Packaged_Food
2024,Gwangju,Gwangju,Gyeonggi,35.1595,126.8526,409.41,Personal_Care
2024,Gwangju,Gwangju,Gangwon,35.1595,126.8526,59.46,Fresh_Food
2024,Gwangju,Gwangju,Gangwon,35.1595,126.8526,160.04,Beverages
2024,Gwangju,Gwangju,Gangwon,35.1595,126.8526,65.47,Packaged_Food
2024,Gwangju,Gwangju,Gangwon,35.1595,126.8526,50.29,Personal_Care
2024,Gwangju,Gwangju,Chungbuk,35.1595,126.8526,5.0,Fresh_Food
2024,Gwangju,Gwangju,Chungbuk,35.1595,126.8526,264.17,Beverages
2024,Gwangju,Gwangju,Chungbuk,35.1595,126.8526,210.28,Packaged_Food
2024,Gwangju,Gwangju,Chungbuk,35.1595,126.8526,159.97,Personal_Care
2024,Gwangju,Gwangju,Chungnam,35.1595,126.8526,7.05,Fresh_Food
2024,Gwangju,Gwangju,Chungnam,35.1595,126.8526,319.35,Beverages
2024,Gwangju,Gwangju,Chungnam,35.1595,126.8526,191.19,Packaged_Food
2024,Gwangju,Gwangju,Chungnam,35.1595,126.8526,119.83,Personal_Care
2024,Gwangju,Gwangju,Jeonbuk,35.1595,126.8526,74.45,Fresh_Food
2024,Gwangju,Gwangju,Jeonbuk,35.1595,126.8526,177.18,Beverages
2024,Gwangju,Gwangju,Jeonbuk,35.1595,126.8526,176.45,Packaged_Food
2024,Gwangju,Gwangju,Jeonbuk,35.1595,126.8526,118.27,Personal_Care
2024,Gwangju,Gwangju,Jeonnam,35.1595,126.8526,4.14,Fresh_Food
2024,Gwangju,Gwangju,Jeonnam,35.1595,126.8526,233.49,Beverages
2024,Gwangju,Gwangju,Jeonnam,35.1595,126.8526,152.94,Packaged_Food
2024,Gwangju,Gwangju,Jeonnam,35.1595,126.8526,109.91,Personal_Care
2024,Gwangju,Gwangju,Gyeongbuk,35.1595,126.8526,93.97,Fresh_Food
2024,Gwangju,Gwangju,Gyeongbuk,35.1595,126.8526,276.51,Beverages
2024,Gwangju,Gwangju,Gyeongbuk,35.1595,126.8526,83.29,Packaged_Food
2024,Gwangju,Gwangju,Gyeongbuk,35.1595,126.8526,132.41,Personal_Care
2024,Gwangju,Gwangju,Gyeongnam,35.1595,126.8526,106.15,Fresh_Food
2024,Gwangju,Gwangju,Gyeongnam,35.1595,126.8526,313.6,Beverages
2024,Gwangju,Gwangju,Gyeongnam,35.1595,126.8526,200.04,Packaged_Food
2024,Gwangju,Gwangju,Gyeongnam,35.1595,126.8526,140.39,Personal_Care
2024,Gwangju,Gwangju,Jeju,35.1595,126.8526,3.67,Fresh_Food
2024,Gwangju,Gwangju,Jeju,35.1595,126.8526,121.56,Beverages
2024,Gwangju,Gwangju,Jeju,35.1595,126.8526,51.09,Packaged_Food
2024,Gwangju,Gwangju,Jeju,35.1595,126.8526,19.41,Personal_Care
2024,Daejeon,Daejeon,Seoul,36.3504,127.3845,201.69,Fresh_Food
2024,Daejeon,Daejeon,Seoul,36.3504,127.3845,565.56,Beverages
2024,Daejeon,Daejeon,Seoul,36.3504,127.3845,263.65,Packaged_Food
2024,Daejeon,Daejeon,Seoul,36.3504,127.3845,158.53,Personal_Care
2024,Daejeon,Daejeon,Busan,36.3504,127.3845,72.3,Fresh_Food
2024,Daejeon,Daejeon,Busan,36.3504,127.3845,465.44,Beverages
2024,Daejeon,Daejeon,Busan,36.3504,127.3845,96.39,Packaged_Food
2024,Daejeon,Daejeon,Busan,36.3504,127.3845,152.4,Personal_Care
2024,Daejeon,Daejeon,Daegu,36.3504,127.3845,81.95,Fresh_Food
2024,Daejeon,Daejeon,Daegu,36.3504,127.3845,127.76,Beverages
2024,Daejeon,Daejeon,Daegu,36.3504,127.3845,94.47,Packaged_Food
2024,Daejeon,Daejeon,Daegu,36.3504,127.3845,177.04,Personal_Care
2024,Daejeon,Daejeon,Incheon,36.3504,127.3845,192.15,Fresh_Food
2024,Daejeon,Daejeon,Incheon,36.3504,127.3845,374.51,Beverages
2024,Daejeon,Daejeon,Incheon,36.3504,127.3845,133.68,Packaged_Food
2024,Daejeon,Daejeon,Incheon,36.3504,127.3845,131.99,Personal_Care
2024,Daejeon,Daejeon,Gwangju,36.3504,127.3845,57.25,Fresh_Food
2024,Daejeon,Daejeon,Gwangju,36.3504,127.3845,214.05,Beverages
2024,Daejeon,Daejeon,Gwangju,36.3504,127.3845,192.9,Packaged_Food
2024,Daejeon,Daejeon,Gwangju,36.3504,127.3845,148.54,Personal_Care
2024,Daejeon,Daejeon,Ulsan,36.3504,127.3845,64.21,Fresh_Food
2024,Daejeon,Daejeon,Ulsan,36.3504,127.3845,223.24,Beverages
2024,Daejeon,Daejeon,Ulsan,36.3504,127.3845,270.74,Packaged_Food
2024,Daejeon,Daejeon,Ulsan,36.3504,127.3845,151.33,Personal_Care
2024,Daejeon,Daejeon,Sejong,36.3504,127.3845,5.0,Fresh_Food
2024,Daejeon,Daejeon,Sejong,36.3504,127.3845,108.77,Beverages
2024,Daejeon,Daejeon,Sejong,36.3504,127.3845,16.13,Packaged_Food
2024,Daejeon,Daejeon,Sejong,36.3504,127.3845,5.0,Personal_Care
2024,Daejeon,Daejeon,Gyeonggi,36.3504,127.3845,215.63,Fresh_Food
2024,Daejeon,Daejeon,Gyeonggi,36.3504,127.3845,889.12,Beverages
2024,Daejeon,Daejeon,Gyeonggi,36.3504,127.3845,318.47,Packaged_Food
2024,Daejeon,Daejeon,Gyeonggi,36.3504,127.3845,402.76,Personal_Care
2024,Daejeon,Daejeon,Gangwon,36.3504,127.3845,4.65,Fresh_Food
2024,Daejeon,Daejeon,Gangwon,36.3504,127.3845,186.08,Beverages
2024,Daejeon,Daejeon,Gangwon,36.3504,127.3845,71.38,Packaged_Food
2024,Daejeon,Daejeon,Gangwon,36.3504,127.3845,12.0,Personal_Care
2024,Daejeon,Daejeon,Chungbuk,36.3504,127.3845,0.94,Fresh_Food
2024,Daejeon,Daejeon,Chungbuk,36.3504,127.3845,158.48,Beverages
2024,Daejeon,Daejeon,Chungbuk,36.3504,127.3845,167.22,Packaged_Food
2024,Daejeon,Daejeon,Chungbuk,36.3504,127.3845,164.66,Personal_Care
2024,Daejeon,Daejeon,Chungnam,36.3504,127.3845,54.43,Fresh_Food
2024,Daejeon,Daejeon,Chungnam,36.3504,127.3845,341.39,Beverages
2024,Daejeon,Daejeon,Chungnam,36.3504,127.3845,131.34,Packaged_Food
2024,Daejeon,Daejeon,Chungnam,36.3504,127.3845,123.67,Personal_Care
2024,Daejeon,Daejeon,Jeonbuk,36.3504,127.3845,52.86,Fresh_Food
2024,Daejeon,Daejeon,Jeonbuk,36.3504,127.3845,214.24,Beverages
2024,Daejeon,Daejeon,Jeonbuk,36.3504,127.3845,72.23,Packaged_Food
2024,Daejeon,Daejeon,Jeonbuk,36.3504,127.3845,101.09,Personal_Care
2024,Daejeon,Daejeon,Jeonnam,36.3504,127.3845,89.37,Fresh_Food
2024,Daejeon,Daejeon,Jeonnam,36.3504,127.3845,206.48,Beverages
2024,Daejeon,Daejeon,Jeonnam,36.3504,127.3845,102.14,Packaged_Food
2024,Daejeon,Daejeon,Jeonnam,36.3504,127.3845,124.71,Personal_Care
2024,Daejeon,Daejeon,Gyeongbuk,36.3504,127.3845,103.34,Fresh_Food
2024,Daejeon,Daejeon,Gyeongbuk,36.3504,127.3845,276.87,Beverages
2024,Daejeon,Daejeon,Gyeongbuk,36.3504,127.3845,116.29,Packaged_Food
2024,Daejeon,Daejeon,Gyeongbuk,36.3504,127.3845,149.46,Personal_Care
2024,Daejeon,Daejeon,Gyeongnam,36.3504,127.3845,0.3,Fresh_Food
2024,Daejeon,Daejeon,Gyeongnam,36.3504,127.3845,309.48,Beverages
2024,Daejeon,Daejeon,Gyeongnam,36.3504,127.3845,36.42,Packaged_Food
2024,Daejeon,Daejeon,Gyeongnam,36.3504,127.3845,76.21,Personal_Care
2024,Daejeon,Daejeon,Jeju,36.3504,127.3845,5.0,Fresh_Food
2024,Daejeon,Daejeon,Jeju,36.3504,127.3845,132.37,Beverages
2024,Daejeon,Daejeon,Jeju,36.3504,127.3845,40.7,Packaged_Food
2024,Daejeon,Daejeon,Jeju,36.3504,127.3845,5.0,Personal_Care
2024,Ulsan,Ulsan,Seoul,35.5384,129.3114,204.55,Fresh_Food
2024,Ulsan,Ulsan,Seoul,35.5384,129.3114,769.43,Beverages
2024,Ulsan,Ulsan,Seoul,35.5384,129.3114,385.42,Packaged_Food
2024,Ulsan,Ulsan,Seoul,35.5384,129.3114,350.56,Personal_Care
2024,Ulsan,Ulsan,Busan,35.5384,129.3114,131.62,Fresh_Food
2024,Ulsan,Ulsan,Busan,35.5384,129.3114,525.07,Beverages
2024,Ulsan,Ulsan,Busan,35.5384,129.3114,216.54,Packaged_Food
2024,Ulsan,Ulsan,Busan,35.5384,129.3114,241.49,Personal_Care
2024,Ulsan,Ulsan,Daegu,35.5384,129.3114,59.14,Fresh_Food
2024,Ulsan,Ulsan,Daegu,35.5384,129.3114,207.33,Beverages
2024,Ulsan,Ulsan,Daegu,35.5384,129.3114,189.83,Packaged_Food
2024,Ulsan,Ulsan,Daegu,35.5384,129.3114,246.86,Personal_Care
2024,Ulsan,Ulsan,Incheon,35.5384,129.3114,64.31,Fresh_Food
2024,Ulsan,Ulsan,Incheon,35.5384,129.3114,480.13,Beverages
2024,Ulsan,Ulsan,Incheon,35.5384,129.3114,173.9,Packaged_Food
2024,Ulsan,Ulsan,Incheon,35.5384,129.3114,222.64,Personal_Care
2024,Ulsan,Ulsan,Gwangju,35.5384,129.3114,135.4,Fresh_Food
2024,Ulsan,Ulsan,Gwangju,35.5384,129.3114,213.98,Beverages
2024,Ulsan,Ulsan,Gwangju,35.5384,129.3114,119.27,Packaged_Food
2024,Ulsan,Ulsan,Gwangju,35.5384,129.3114,29.92,Personal_Care
2024,Ulsan,Ulsan,Daejeon,35.5384,129.3114,26.79,Fresh_Food
2024,Ulsan,Ulsan,Daejeon,35.5384,129.3114,144.69,Beverages
2024,Ulsan,Ulsan,Daejeon,35.5384,129.3114,141.46,Packaged_Food
2024,Ulsan,Ulsan,Daejeon,35.5384,129.3114,161.58,Personal_Care
2024,Ulsan,Ulsan,Sejong,35.5384,129.3114,24.92,Fresh_Food
2024,Ulsan,Ulsan,Sejong,35.5384,129.3114,158.29,Beverages
2024,Ulsan,Ulsan,Sejong,35.5384,129.3114,55.71,Packaged_Food
2024,Ulsan,Ulsan,Sejong,35.5384,129.3114,109.03,Personal_Care
2024,Ulsan,Ulsan,Gyeonggi,35.5384,129.3114,246.47,Fresh_Food
2024,Ulsan,Ulsan,Gyeonggi,35.5384,129.3114,860.72,Beverages
2024,Ulsan,Ulsan,Gyeonggi,35.5384,129.3114,527.0,Packaged_Food
2024,Ulsan,Ulsan,Gyeonggi,35.5384,129.3114,460.52,Personal_Care
2024,Ulsan,Ulsan,Gangwon,35.5384,129.3114,5.0,Fresh_Food
2024,Ulsan,Ulsan,Gangwon,35.5384,129.3114,170.05,Beverages
2024,Ulsan,Ulsan,Gangwon,35.5384,129.3114,0.9,Packaged_Food
2024,Ulsan,Ulsan,Gangwon,35.5384,129.3114,33.51,Personal_Care
2024,Ulsan,Ulsan,Chungbuk,35.5384,129.3114,67.15,Fresh_Food
2024,Ulsan,Ulsan,Chungbuk,35.5384,129.3114,251.34,Beverages
2024,Ulsan,Ulsan,Chungbuk,35.5384,129.3114,135.32,Packaged_Food
2024,Ulsan,Ulsan,Chungbuk,35.5384,129.3114,120.16,Personal_Care
2024,Ulsan,Ulsan,Chungnam,35.5384,129.3114,49.36,Fresh_Food
2024,Ulsan,Ulsan,Chungnam,35.5384,129.3114,333.28,Beverages
2024,Ulsan,Ulsan,Chungnam,35.5384,129.3114,146.14,Packaged_Food
2024,Ulsan,Ulsan,Chungnam,35.5384,129.3114,86.71,Personal_Care
2024,Ulsan,Ulsan,Jeonbuk,35.5384,129.3114,21.38,Fresh_Food
2024,Ulsan,Ulsan,Jeonbuk,35.5384,129.3114,284.48,Beverages
2024,Ulsan,Ulsan,Jeonbuk,35.5384,129.3114,199.41,Packaged_Food
2024,Ulsan,Ulsan,Jeonbuk,35.5384,129.3114,152.56,Personal_Care
2024,Ulsan,Ulsan,Jeonnam,35.5384,129.3114,137.18,Fresh_Food
2024,Ulsan,Ulsan,Jeonnam,35.5384,129.3114,244.27,Beverages
2024,Ulsan,Ulsan,Jeonnam,35.5384,129.3114,207.12,Packaged_Food
2024,Ulsan,Ulsan,Jeonnam,35.5384,129.3114,222.72,Personal_Care
2024,Ulsan,Ulsan,Gyeongbuk,35.5384,129.3114,5.0,Fresh_Food
2024,Ulsan,Ulsan,Gyeongbuk,35.5384,129.3114,347.07,Beverages
2024,Ulsan,Ulsan,Gyeongbuk,35.5384,129.3114,172.32,Packaged_Food
2024,Ulsan,Ulsan,Gyeongbuk,35.5384,129.3114,146.79,Personal_Care
2024,Ulsan,Ulsan,Gyeongnam,35.5384,129.3114,120.6,Fresh_Food
2024,Ulsan,Ulsan,Gyeongnam,35.5384,129.3114,386.06,Beverages
2024,Ulsan,Ulsan,Gyeongnam,35.5384,129.3114,155.23,Packaged_Food
2024,Ulsan,Ulsan,Gyeongnam,35.5384,129.3114,190.67,Personal_Care
2024,Ulsan,Ulsan,Jeju,35.5384,129.3114,84.23,Fresh_Food
2024,Ulsan,Ulsan,Jeju,35.5384,129.3114,105.13,Beverages
2024,Ulsan,Ulsan,Jeju,35.5384,129.3114,79.35,Packaged_Food
2024,Ulsan,Ulsan,Jeju,35.5384,129.3114,34.15,Personal_Care
2024,Sejong,Sejong,Seoul,36.48,127.289,112.6,Fresh_Food
2024,Sejong,Sejong,Seoul,36.48,127.289,299.54,Beverages
2024,Sejong,Sejong,Seoul,36.48,127.289,155.01,Packaged_Food
2024,Sejong,Sejong,Seoul,36.48,127.289,174.87,Personal_Care
2024,Sejong,Sejong,Busan,36.48,127.289,5.0,Fresh_Food
2024,Sejong,Sejong,Busan,36.48,127.289,198.49,Beverages
2024,Sejong,Sejong,Busan,36.48,127.289,135.66,Packaged_Food
2024,Sejong,Sejong,Busan,36.48,127.289,126.49,Personal_Care
2024,Sejong,Sejong,Daegu,36.48,127.289,76.32,Fresh_Food
2024,Sejong,Sejong,Daegu,36.48,127.289,113.97,Beverages
2024,Sejong,Sejong,Daegu,36.48,127.289,74.88,Packaged_Food
2024,Sejong,Sejong,Daegu,36.48,127.289,38.41,Personal_Care
2024,Sejong,Sejong,Incheon,36.48,127.289,89.31,Fresh_Food
2024,Sejong,Sejong,Incheon,36.48,127.289,275.54,Beverages
2024,Sejong,Sejong,Incheon,36.48,127.289,132.17,Packaged_Food
2024,Sejong,Sejong,Incheon,36.48,127.289,161.06,Personal_Care
2024,Sejong,Sejong,Gwangju,36.48,127.289,31.62,Fresh_Food
2024,Sejong,Sejong,Gwangju,36.48,127.289,160.28,Beverages
2024,Sejong,Sejong,Gwangju,36.48,127.289,63.77,Packaged_Food
2024,Sejong,Sejong,Gwangju,36.48,127.289,8.75,Personal_Care
2024,Sejong,Sejong,Daejeon,36.48,127.289,42.34,Fresh_Food
2024,Sejong,Sejong,Daejeon,36.48,127.289,70.24,Beverages
2024,Sejong,Sejong,Daejeon,36.48,127.289,176.96,Packaged_Food
2024,Sejong,Sejong,Daejeon,36.48,127.289,43.3,Personal_Care
2024,Sejong,Sejong,Ulsan,36.48,127.289,68.25,Fresh_Food
2024,Sejong,Sejong,Ulsan,36.48,127.289,143.38,Beverages
2024,Sejong,Sejong,Ulsan,36.48,127.289,10.32,Packaged_Food
2024,Sejong,Sejong,Ulsan,36.48,127.289,5.0,Personal_Care
2024,Sejong,Sejong,Gyeonggi,36.48,127.289,157.45,Fresh_Food
2024,Sejong,Sejong,Gyeonggi,36.48,127.289,557.47,Beverages
2024,Sejong,Sejong,Gyeonggi,36.48,127.289,203.26,Packaged_Food
2024,Sejong,Sejong,Gyeonggi,36.48,127.289,157.17,Personal_Care
2024,Sejong,Sejong,Gangwon,36.48,127.289,7.74,Fresh_Food
2024,Sejong,Sejong,Gangwon,36.48,127.289,49.14,Beverages
2024,Sejong,Sejong,Gangwon,36.48,127.289,15.48,Packaged_Food
2024,Sejong,Sejong,Gangwon,36.48,127.289,78.52,Personal_Care
2024,Sejong,Sejong,Chungbuk,36.48,127.289,27.48,Fresh_Food
2024,Sejong,Sejong,Chungbuk,36.48,127.289,78.52,Beverages
2024,Sejong,Sejong,Chungbuk,36.48,127.289,89.43,Packaged_Food
2024,Sejong,Sejong,Chungbuk,36.48,127.289,93.34,Personal_Care
2024,Sejong,Sejong,Chungnam,36.48,127.289,25.15,Fresh_Food
2024,Sejong,Sejong,Chungnam,36.48,127.289,174.9,Beverages
2024,Sejong,Sejong,Chungnam,36.48,127.289,110.03,Packaged_Food
2024,Sejong,Sejong,Chungnam,36.48,127.289,105.31,Personal_Care
2024,Sejong,Sejong,Jeonbuk,36.48,127.289,32.03,Fresh_Food
2024,Sejong,Sejong,Jeonbuk,36.48,127.289,191.63,Beverages
2024,Sejong,Sejong,Jeonbuk,36.48,127.289,89.13,Packaged_Food
2024,Sejong,Sejong,Jeonbuk,36.48,127.289,37.47,Personal_Care
2024,Sejong,Sejong,Jeonnam,36.48,127.289,7.77,Fresh_Food
2024,Sejong,Sejong,Jeonnam,36.48,127.289,92.1,Beverages
2024,Sejong,Sejong,Jeonnam,36.48,127.289,91.61,Packaged_Food
2024,Sejong,Sejong,Jeonnam,36.48,127.289,28.86,Personal_Care
2024,Sejong,Sejong,Gyeongbuk,36.48,127.289,20.76,Fresh_Food
2024,Sejong,Sejong,Gyeongbuk,36.48,127.289,220.9,Beverages
2024,Sejong,Sejong,Gyeongbuk,36.48,127.289,93.58,Packaged_Food
2024,Sejong,Sejong,Gyeongbuk,36.48,127.289,143.93,Personal_Care
2024,Sejong,Sejong,Gyeongnam,36.48,127.289,87.9,Fresh_Food
2024,Sejong,Sejong,Gyeongnam,36.48,127.289,133.17,Beverages
2024,Sejong,Sejong,Gyeongnam,36.48,127.289,90.89,Packaged_Food
2024,Sejong,Sejong,Gyeongnam,36.48,127.289,145.5,Personal_Care
2024,Sejong,Sejong,Jeju,36.48,127.289,5.0,Fresh_Food
2024,Sejong,Sejong,Jeju,36.48,127.289,68.99,Beverages
2024,Sejong,Sejong,Jeju,36.48,127.289,22.04,Packaged_Food
2024,Sejong,Sejong,Jeju,36.48,127.289,5.0,Personal_Care
2024,Gyeonggi,Gyeonggi,Seoul,37.4138,127.5183,605.98,Fresh_Food
2024,Gyeonggi,Gyeonggi,Seoul,37.4138,127.5183,2358.13,Beverages
2024,Gyeonggi,Gyeonggi,Seoul,37.4138,127.5183,1141.62,Packaged_Food
2024,Gyeonggi,Gyeonggi,Seoul,37.4138,127.5183,1200.46,Personal_Care
2024,Gyeonggi,Gyeonggi,Busan,37.4138,127.5183,303.46,Fresh_Food
2024,Gyeonggi,Gyeonggi,Busan,37.4138,127.5183,1566.29,Beverages
2024,Gyeonggi,Gyeonggi,Busan,37.4138,127.5183,927.56,Packaged_Food
2024,Gyeonggi,Gyeonggi,Busan,37.4138,127.5183,832.51,Personal_Care
2024,Gyeonggi,Gyeonggi,Daegu,37.4138,127.5183,195.93,Fresh_Food
2024,Gyeonggi,Gyeonggi,Daegu,37.4138,127.5183,1030.21,Beverages
2024,Gyeonggi,Gyeonggi,Daegu,37.4138,127.5183,430.4,Packaged_Food
2024,Gyeonggi,Gyeonggi,Daegu,37.4138,127.5183,452.32,Personal_Care
2024,Gyeonggi,Gyeonggi,Incheon,37.4138,127.5183,302.56,Fresh_Food
2024,Gyeonggi,Gyeonggi,Incheon,37.4138,127.5183,1452.8,Beverages
2024,Gyeonggi,Gyeonggi,Incheon,37.4138,127.5183,788.43,Packaged_Food
2024,Gyeonggi,Gyeonggi,Incheon,37.4138,127.5183,670.05,Personal_Care
2024,Gyeonggi,Gyeonggi,Gwangju,37.4138,127.5183,96.98,Fresh_Food
2024,Gyeonggi,Gyeonggi,Gwangju,37.4138,127.5183,854.55,Beverages
2024,Gyeonggi,Gyeonggi,Gwangju,37.4138,127.5183,477.69,Packaged_Food
2024,Gyeonggi,Gyeonggi,Gwangju,37.4138,127.5183,300.25,Personal_Care
2024,Gyeonggi,Gyeonggi,Daejeon,37.4138,127.5183,223.0,Fresh_Food
2024,Gyeonggi,Gyeonggi,Daejeon,37.4138,127.5183,811.33,Beverages
2024,Gyeonggi,Gyeonggi,Daejeon,37.4138,127.5183,360.63,Packaged_Food
2024,Gyeonggi,Gyeonggi,Daejeon,37.4138,127.5183,330.28,Personal_Care
2024,Gyeonggi,Gyeonggi,Ulsan,37.4138,127.5183,289.59,Fresh_Food
2024,Gyeonggi,Gyeonggi,Ulsan,37.4138,127.5183,968.95,Beverages
2024,Gyeonggi,Gyeonggi,Ulsan,37.4138,127.5183,492.72,Packaged_Food
2024,Gyeonggi,Gyeonggi,Ulsan,37.4138,127.5183,448.91,Personal_Care
2024,Gyeonggi,Gyeonggi,Sejong,37.4138,127.5183,79.9,Fresh_Food
2024,Gyeonggi,Gyeonggi,Sejong,37.4138,127.5183,357.25,Beverages
2024,Gyeonggi,Gyeonggi,Sejong,37.4138,127.5183,228.6,Packaged_Food
2024,Gyeonggi,Gyeonggi,Sejong,37.4138,127.5183,311.94,Personal_Care
2024,Gyeonggi,Gyeonggi,Gangwon,37.4138,127.5183,115.49,Fresh_Food
2024,Gyeonggi,Gyeonggi,Gangwon,37.4138,127.5183,563.88,Beverages
2024,Gyeonggi,Gyeonggi,Gangwon,37.4138,127.5183,341.78,Packaged_Food
2024,Gyeonggi,Gyeonggi,Gangwon,37.4138,127.5183,351.0,Personal_Care
2024,Gyeonggi,Gyeonggi,Chungbuk,37.4138,127.5183,170.7,Fresh_Food
2024,Gyeonggi,Gyeonggi,Chungbuk,37.4138,127.5183,782.56,Beverages
2024,Gyeonggi,Gyeonggi,Chungbuk,37.4138,127.5183,413.2,Packaged_Food
2024,Gyeonggi,Gyeonggi,Chungbuk,37.4138,127.5183,392.22,Personal_Care
2024,Gyeonggi,Gyeonggi,Chungnam,37.4138,127.5183,330.01,Fresh_Food
2024,Gyeonggi,Gyeonggi,Chungnam,37.4138,127.5183,1241.86,Beverages
2024,Gyeonggi,Gyeonggi,Chungnam,37.4138,127.5183,474.54,Packaged_Food
2024,Gyeonggi,Gyeonggi,Chungnam,37.4138,127.5183,621.49,Personal_Care
2024,Gyeonggi,Gyeonggi,Jeonbuk,37.4138,127.5183,205.26,Fresh_Food
2024,Gyeonggi,Gyeonggi,Jeonbuk,37.4138,127.5183,869.41,Beverages
2024,Gyeonggi,Gyeonggi,Jeonbuk,37.4138,127.5183,436.22,Packaged_Food
2024,Gyeonggi,Gyeonggi,Jeonbuk,37.4138,127.5183,403.06,Personal_Care
2024,Gyeonggi,Gyeonggi,Jeonnam,37.4138,127.5183,238.0,Fresh_Food
2024,Gyeonggi,Gyeonggi,Jeonnam,37.4138,127.5183,780.29,Beverages
2024,Gyeonggi,Gyeonggi,Jeonnam,37.4138,127.5183,361.28,Packaged_Food
2024,Gyeonggi,Gyeonggi,Jeonnam,37.4138,127.5183,440.54,Personal_Care
2024,Gyeonggi,Gyeonggi,Gyeongbuk,37.4138,127.5183,237.78,Fresh_Food
2024,Gyeonggi,Gyeonggi,Gyeongbuk,37.4138,127.5183,1152.12,Beverages
2024,Gyeonggi,Gyeonggi,Gyeongbuk,37.4138,127.5183,561.54,Packaged_Food
2024,Gyeonggi,Gyeonggi,Gyeongbuk,37.4138,127.5183,443.53,Personal_Care
2024,Gyeonggi,Gyeonggi,Gyeongnam,37.4138,127.5183,291.28,Fresh_Food
2024,Gyeonggi,Gyeonggi,Gyeongnam,37.4138,127.5183,1296.74,Beverages
2024,Gyeonggi,Gyeonggi,Gyeongnam,37.4138,127.5183,619.7,Packaged_Food
2024,Gyeonggi,Gyeonggi,Gyeongnam,37.4138,127.5183,512.66,Personal_Care
2024,Gyeonggi,Gyeonggi,Jeju,37.4138,127.5183,146.04,Fresh_Food
2024,Gyeonggi,Gyeonggi,Jeju,37.4138,127.5183,328.47,Beverages
2024,Gyeonggi,Gyeonggi,Jeju,37.4138,127.5183,182.19,Packaged_Food
2024,Gyeonggi,Gyeonggi,Jeju,37.4138,127.5183,136.34,Personal_Care
2024,Gangwon,Gangwon,Seoul,37.8228,128.1555,146.57,Fresh_Food
2024,Gangwon,Gangwon,Seoul,37.8228,128.1555,571.74,Beverages
2024,Gangwon,Gangwon,Seoul,37.8228,128.1555,203.25,Packaged_Food
2024,Gangwon,Gangwon,Seoul,37.8228,128.1555,323.35,Personal_Care
2024,Gangwon,Gangwon,Busan,37.8228,128.1555,99.93,Fresh_Food
2024,Gangwon,Gangwon,Busan,37.8228,128.1555,276.53,Beverages
2024,Gangwon,Gangwon,Busan,37.8228,128.1555,270.62,Packaged_Food
2024,Gangwon,Gangwon,Busan,37.8228,128.1555,179.58,Personal_Care
2024,Gangwon,Gangwon,Daegu,37.8228,128.1555,81.82,Fresh_Food
2024,Gangwon,Gangwon,Daegu,37.8228,128.1555,178.53,Beverages
2024,Gangwon,Gangwon,Daegu,37.8228,128.1555,56.18,Packaged_Food
2024,Gangwon,Gangwon,Daegu,37.8228,128.1555,104.39,Personal_Care
2024,Gangwon,Gangwon,Incheon,37.8228,128.1555,151.07,Fresh_Food
2024,Gangwon,Gangwon,Incheon,37.8228,128.1555,272.52,Beverages
2024,Gangwon,Gangwon,Incheon,37.8228,128.1555,142.66,Packaged_Food
2024,Gangwon,Gangwon,Incheon,37.8228,128.1555,216.82,Personal_Care
2024,Gangwon,Gangwon,Gwangju,37.8228,128.1555,24.98,Fresh_Food
2024,Gangwon,Gangwon,Gwangju,37.8228,128.1555,185.51,Beverages
2024,Gangwon,Gangwon,Gwangju,37.8228,128.1555,123.87,Packaged_Food
2024,Gangwon,Gangwon,Gwangju,37.8228,128.1555,70.16,Personal_Care
2024,Gangwon,Gangwon,Daejeon,37.8228,128.1555,55.49,Fresh_Food
2024,Gangwon,Gangwon,Daejeon,37.8228,128.1555,193.06,Beverages
2024,Gangwon,Gangwon,Daejeon,37.8228,128.1555,59.95,Packaged_Food
2024,Gangwon,Gangwon,Daejeon,37.8228,128.1555,120.79,Personal_Care
2024,Gangwon,Gangwon,Ulsan,37.8228,128.1555,20.65,Fresh_Food
2024,Gangwon,Gangwon,Ulsan,37.8228,128.1555,158.25,Beverages
2024,Gangwon,Gangwon,Ulsan,37.8228,128.1555,19.65,Packaged_Food
2024,Gangwon,Gangwon,Ulsan,37.8228,128.1555,70.83,Personal_Care
2024,Gangwon,Gangwon,Sejong,37.8228,128.1555,5.0,Fresh_Food
2024,Gangwon,Gangwon,Sejong,37.8228,128.1555,75.96,Beverages
2024,Gangwon,Gangwon,Sejong,37.8228,128.1555,78.6,Packaged_Food
2024,Gangwon,Gangwon,Sejong,37.8228,128.1555,5.0,Personal_Care
2024,Gangwon,Gangwon,Gyeonggi,37.8228,128.1555,61.27,Fresh_Food
2024,Gangwon,Gangwon,Gyeonggi,37.8228,128.1555,602.55,Beverages
2024,Gangwon,Gangwon,Gyeonggi,37.8228,128.1555,343.06,Packaged_Food
2024,Gangwon,Gangwon,Gyeonggi,37.8228,128.1555,334.44,Personal_Care
2024,Gangwon,Gangwon,Chungbuk,37.8228,128.1555,1.75,Fresh_Food
2024,Gangwon,Gangwon,Chungbuk,37.8228,128.1555,218.47,Beverages
2024,Gangwon,Gangwon,Chungbuk,37.8228,128.1555,47.08,Packaged_Food
2024,Gangwon,Gangwon,Chungbuk,37.8228,128.1555,103.12,Personal_Care
2024,Gangwon,Gangwon,Chungnam,37.8228,128.1555,37.86,Fresh_Food
2024,Gangwon,Gangwon,Chungnam,37.8228,128.1555,180.56,Beverages
2024,Gangwon,Gangwon,Chungnam,37.8228,128.1555,81.75,Packaged_Food
2024,Gangwon,Gangwon,Chungnam,37.8228,128.1555,148.7,Personal_Care
2024,Gangwon,Gangwon,Jeonbuk,37.8228,128.1555,58.05,Fresh_Food
2024,Gangwon,Gangwon,Jeonbuk,37.8228,128.1555,208.41,Beverages
2024,Gangwon,Gangwon,Jeonbuk,37.8228,128.1555,98.05,Packaged_Food
2024,Gangwon,Gangwon,Jeonbuk,37.8228,128.1555,5.0,Personal_Care
2024,Gangwon,Gangwon,Jeonnam,37.8228,128.1555,145.72,Fresh_Food
2024,Gangwon,Gangwon,Jeonnam,37.8228,128.1555,178.76,Beverages
2024,Gangwon,Gangwon,Jeonnam,37.8228,128.1555,105.73,Packaged_Food
2024,Gangwon,Gangwon,Jeonnam,37.8228,128.1555,61.16,Personal_Care
2024,Gangwon,Gangwon,Gyeongbuk,37.8228,128.1555,111.66,Fresh_Food
2024,Gangwon,Gangwon,Gyeongbuk,37.8228,128.1555,169.34,Beverages
2024,Gangwon,Gangwon,Gyeongbuk,37.8228,128.1555,142.49,Packaged_Food
2024,Gangwon,Gangwon,Gyeongbuk,37.8228,128.1555,8.02,Personal_Care
2024,Gangwon,Gangwon,Gyeongnam,37.8228,128.1555,97.86,Fresh_Food
2024,Gangwon,Gangwon,Gyeongnam,37.8228,128.1555,202.02,Beverages
2024,Gangwon,Gangwon,Gyeongnam,37.8228,128.1555,141.85,Packaged_Food
2024,Gangwon,Gangwon,Gyeongnam,37.8228,128.1555,195.87,Personal_Care
2024,Gangwon,Gangwon,Jeju,37.8228,128.1555,57.14,Fresh_Food
2024,Gangwon,Gangwon,Jeju,37.8228,128.1555,125.22,Beverages
2024,Gangwon,Gangwon,Jeju,37.8228,128.1555,88.04,Packaged_Food
2024,Gangwon,Gangwon,Jeju,37.8228,128.1555,5.79,Personal_Care
2024,Chungbuk,Chungbuk,Seoul,36.6357,127.4913,179.92,Fresh_Food
2024,Chungbuk,Chungbuk,Seoul,36.6357,127.4913,513.75,Beverages
2024,Chungbuk,Chungbuk,Seoul,36.6357,127.4913,265.65,Packaged_Food
2024,Chungbuk,Chungbuk,Seoul,36.6357,127.4913,369.63,Personal_Care
2024,Chungbuk,Chungbuk,Busan,36.6357,127.4913,80.75,Fresh_Food
2024,Chungbuk,Chungbuk,Busan,36.6357,127.4913,306.6,Beverages
2024,Chungbuk,Chungbuk,Busan,36.6357,127.4913,300.68,Packaged_Food
2024,Chungbuk,Chungbuk,Busan,36.6357,127.4913,228.11,Personal_Care
2024,Chungbuk,Chungbuk,Daegu,36.6357,127.4913,98.22,Fresh_Food
2024,Chungbuk,Chungbuk,Daegu,36.6357,127.4913,190.98,Beverages
2024,Chungbuk,Chungbuk,Daegu,36.6357,127.4913,134.2,Packaged_Food
2024,Chungbuk,Chungbuk,Daegu,36.6357,127.4913,132.88,Personal_Care
2024,Chungbuk,Chungbuk,Incheon,36.6357,127.4913,48.93,Fresh_Food
2024,Chungbuk,Chungbuk,Incheon,36.6357,127.4913,351.51,Beverages
2024,Chungbuk,Chungbuk,Incheon,36.6357,127.4913,104.98,Packaged_Food
2024,Chungbuk,Chungbuk,Incheon,36.6357,127.4913,162.66,Personal_Care
2024,Chungbuk,Chungbuk,Gwangju,36.6357,127.4913,98.69,Fresh_Food
2024,Chungbuk,Chungbuk,Gwangju,36.6357,127.4913,162.66,Beverages
2024,Chungbuk,Chungbuk,Gwangju,36.6357,127.4913,195.36,Packaged_Food
2024,Chungbuk,Chungbuk,Gwangju,36.6357,127.4913,28.2,Personal_Care
2024,Chungbuk,Chungbuk,Daejeon,36.6357,127.4913,36.99,Fresh_Food
2024,Chungbuk,Chungbuk,Daejeon,36.6357,127.4913,167.18,Beverages
2024,Chungbuk,Chungbuk,Daejeon,36.6357,127.4913,90.99,Packaged_Food
2024,Chungbuk,Chungbuk,Daejeon,36.6357,127.4913,168.57,Personal_Care
2024,Chungbuk,Chungbuk,Ulsan,36.6357,127.4913,10.78,Fresh_Food
2024,Chungbuk,Chungbuk,Ulsan,36.6357,127.4913,217.44,Beverages
2024,Chungbuk,Chungbuk,Ulsan,36.6357,127.4913,152.73,Packaged_Food
2024,Chungbuk,Chungbuk,Ulsan,36.6357,127.4913,124.66,Personal_Care
2024,Chungbuk,Chungbuk,Sejong,36.6357,127.4913,38.76,Fresh_Food
2024,Chungbuk,Chungbuk,Sejong,36.6357,127.4913,71.74,Beverages
2024,Chungbuk,Chungbuk,Sejong,36.6357,127.4913,56.42,Packaged_Food
2024,Chungbuk,Chungbuk,Sejong,36.6357,127.4913,116.58,Personal_Care
2024,Chungbuk,Chungbuk,Gyeonggi,36.6357,127.4913,119.52,Fresh_Food
2024,Chungbuk,Chungbuk,Gyeonggi,36.6357,127.4913,765.13,Beverages
2024,Chungbuk,Chungbuk,Gyeonggi,36.6357,127.4913,309.22,Packaged_Food
2024,Chungbuk,Chungbuk,Gyeonggi,36.6357,127.4913,426.85,Personal_Care
2024,Chungbuk,Chungbuk,Gangwon,36.6357,127.4913,101.27,Fresh_Food
2024,Chungbuk,Chungbuk,Gangwon,36.6357,127.4913,150.83,Beverages
2024,Chungbuk,Chungbuk,Gangwon,36.6357,127.4913,29.72,Packaged_Food
2024,Chungbuk,Chungbuk,Gangwon,36.6357,127.4913,31.19,Personal_Care
2024,Chungbuk,Chungbuk,Chungnam,36.6357,127.4913,55.15,Fresh_Food
2024,Chungbuk,Chungbuk,Chungnam,36.6357,127.4913,264.96,Beverages
2024,Chungbuk,Chungbuk,Chungnam,36.6357,127.4913,185.59,Packaged_Food
2024,Chungbuk,Chungbuk,Chungnam,36.6357,127.4913,106.56,Personal_Care
2024,Chungbuk,Chungbuk,Jeonbuk,36.6357,127.4913,71.75,Fresh_Food
2024,Chungbuk,Chungbuk,Jeonbuk,36.6357,127.4913,184.73,Beverages
2024,Chungbuk,Chungbuk,Jeonbuk,36.6357,127.4913,62.76,Packaged_Food
2024,Chungbuk,Chungbuk,Jeonbuk,36.6357,127.4913,83.48,Personal_Care
2024,Chungbuk,Chungbuk,Jeonnam,36.6357,127.4913,66.83,Fresh_Food
2024,Chungbuk,Chungbuk,Jeonnam,36.6357,127.4913,245.75,Beverages
2024,Chungbuk,Chungbuk,Jeonnam,36.6357,127.4913,87.4,Packaged_Food
2024,Chungbuk,Chungbuk,Jeonnam,36.6357,127.4913,39.8,Personal_Care
2024,Chungbuk,Chungbuk,Gyeongbuk,36.6357,127.4913,119.99,Fresh_Food
2024,Chungbuk,Chungbuk,Gyeongbuk,36.6357,127.4913,235.09,Beverages
2024,Chungbuk,Chungbuk,Gyeongbuk,36.6357,127.4913,153.04,Packaged_Food
2024,Chungbuk,Chungbuk,Gyeongbuk,36.6357,127.4913,138.76,Personal_Care
2024,Chungbuk,Chungbuk,Gyeongnam,36.6357,127.4913,72.07,Fresh_Food
2024,Chungbuk,Chungbuk,Gyeongnam,36.6357,127.4913,295.65,Beverages
2024,Chungbuk,Chungbuk,Gyeongnam,36.6357,127.4913,191.01,Packaged_Food
2024,Chungbuk,Chungbuk,Gyeongnam,36.6357,127.4913,5.0,Personal_Care
2024,Chungbuk,Chungbuk,Jeju,36.6357,127.4913,76.82,Fresh_Food
2024,Chungbuk,Chungbuk,Jeju,36.6357,127.4913,34.37,Beverages
2024,Chungbuk,Chungbuk,Jeju,36.6357,127.4913,60.4,Packaged_Food
2024,Chungbuk,Chungbuk,Jeju,36.6357,127.4913,57.75,Personal_Care
2024,Chungnam,Chungnam,Seoul,36.5184,126.8,273.75,Fresh_Food
2024,Chungnam,Chungnam,Seoul,36.5184,126.8,849.89,Beverages
2024,Chungnam,Chungnam,Seoul,36.5184,126.8,378.54,Packaged_Food
2024,Chungnam,Chungnam,Seoul,36.5184,126.8,339.76,Personal_Care
2024,Chungnam,Chungnam,Busan,36.5184,126.8,122.56,Fresh_Food
2024,Chungnam,Chungnam,Busan,36.5184,126.8,462.09,Beverages
2024,Chungnam,Chungnam,Busan,36.5184,126.8,248.58,Packaged_Food
2024,Chungnam,Chungnam,Busan,36.5184,126.8,265.37,Personal_Care
2024,Chungnam,Chungnam,Daegu,36.5184,126.8,49.5,Fresh_Food
2024,Chungnam,Chungnam,Daegu,36.5184,126.8,338.09,Beverages
2024,Chungnam,Chungnam,Daegu,36.5184,126.8,156.19,Packaged_Food
2024,Chungnam,Chungnam,Daegu,36.5184,126.8,151.62,Personal_Care
2024,Chungnam,Chungnam,Incheon,36.5184,126.8,4.79,Fresh_Food
2024,Chungnam,Chungnam,Incheon,36.5184,126.8,439.26,Beverages
2024,Chungnam,Chungnam,Incheon,36.5184,126.8,284.13,Packaged_Food
2024,Chungnam,Chungnam,Incheon,36.5184,126.8,292.21,Personal_Care
2024,Chungnam,Chungnam,Gwangju,36.5184,126.8,5.0,Fresh_Food
2024,Chungnam,Chungnam,Gwangju,36.5184,126.8,239.26,Beverages
2024,Chungnam,Chungnam,Gwangju,36.5184,126.8,193.6,Packaged_Food
2024,Chungnam,Chungnam,Gwangju,36.5184,126.8,104.1,Personal_Care
2024,Chungnam,Chungnam,Daejeon,36.5184,126.8,64.43,Fresh_Food
2024,Chungnam,Chungnam,Daejeon,36.5184,126.8,352.09,Beverages
2024,Chungnam,Chungnam,Daejeon,36.5184,126.8,121.92,Packaged_Food
2024,Chungnam,Chungnam,Daejeon,36.5184,126.8,114.76,Personal_Care
2024,Chungnam,Chungnam,Ulsan,36.5184,126.8,76.15,Fresh_Food
2024,Chungnam,Chungnam,Ulsan,36.5184,126.8,428.67,Beverages
2024,Chungnam,Chungnam,Ulsan,36.5184,126.8,190.31,Packaged_Food
2024,Chungnam,Chungnam,Ulsan,36.5184,126.8,168.95,Personal_Care
2024,Chungnam,Chungnam,Sejong,36.5184,126.8,15.78,Fresh_Food
2024,Chungnam,Chungnam,Sejong,36.5184,126.8,194.94,Beverages
2024,Chungnam,Chungnam,Sejong,36.5184,126.8,116.98,Packaged_Food
2024,Chungnam,Chungnam,Sejong,36.5184,126.8,30.34,Personal_Care
2024,Chungnam,Chungnam,Gyeonggi,36.5184,126.8,314.33,Fresh_Food
2024,Chungnam,Chungnam,Gyeonggi,36.5184,126.8,1112.44,Beverages
2024,Chungnam,Chungnam,Gyeonggi,36.5184,126.8,561.24,Packaged_Food
2024,Chungnam,Chungnam,Gyeonggi,36.5184,126.8,515.79,Personal_Care
2024,Chungnam,Chungnam,Gangwon,36.5184,126.8,36.0,Fresh_Food
2024,Chungnam,Chungnam,Gangwon,36.5184,126.8,172.49,Beverages
2024,Chungnam,Chungnam,Gangwon,36.5184,126.8,58.09,Packaged_Food
2024,Chungnam,Chungnam,Gangwon,36.5184,126.8,130.85,Personal_Care
2024,Chungnam,Chungnam,Chungbuk,36.5184,126.8,52.24,Fresh_Food
2024,Chungnam,Chungnam,Chungbuk,36.5184,126.8,215.02,Beverages
2024,Chungnam,Chungnam,Chungbuk,36.5184,126.8,248.85,Packaged_Food
2024,Chungnam,Chungnam,Chungbuk,36.5184,126.8,83.77,Personal_Care
2024,Chungnam,Chungnam,Jeonbuk,36.5184,126.8,124.61,Fresh_Food
2024,Chungnam,Chungnam,Jeonbuk,36.5184,126.8,206.18,Beverages
2024,Chungnam,Chungnam,Jeonbuk,36.5184,126.8,162.83,Packaged_Food
2024,Chungnam,Chungnam,Jeonbuk,36.5184,126.8,127.47,Personal_Care
2024,Chungnam,Chungnam,Jeonnam,36.5184,126.8,38.55,Fresh_Food
2024,Chungnam,Chungnam,Jeonnam,36.5184,126.8,289.84,Beverages
2024,Chungnam,Chungnam,Jeonnam,36.5184,126.8,143.11,Packaged_Food
2024,Chungnam,Chungnam,Jeonnam,36.5184,126.8,99.38,Personal_Care
2024,Chungnam,Chungnam,Gyeongbuk,36.5184,126.8,55.11,Fresh_Food
2024,Chungnam,Chungnam,Gyeongbuk,36.5184,126.8,313.3,Beverages
2024,Chungnam,Chungnam,Gyeongbuk,36.5184,126.8,211.28,Packaged_Food
2024,Chungnam,Chungnam,Gyeongbuk,36.5184,126.8,133.31,Personal_Care
2024,Chungnam,Chungnam,Gyeongnam,36.5184,126.8,112.2,Fresh_Food
2024,Chungnam,Chungnam,Gyeongnam,36.5184,126.8,477.62,Beverages
2024,Chungnam,Chungnam,Gyeongnam,36.5184,126.8,234.4,Packaged_Food
2024,Chungnam,Chungnam,Gyeongnam,36.5184,126.8,187.84,Personal_Care
2024,Chungnam,Chungnam,Jeju,36.5184,126.8,73.44,Fresh_Food
2024,Chungnam,Chungnam,Jeju,36.5184,126.8,91.6,Beverages
2024,Chungnam,Chungnam,Jeju,36.5184,126.8,5.0,Packaged_Food
2024,Chungnam,Chungnam,Jeju,36.5184,126.8,41.81,Personal_Care
2024,Jeonbuk,Jeonbuk,Seoul,35.7175,127.153,179.34,Fresh_Food
2024,Jeonbuk,Jeonbuk,Seoul,35.7175,127.153,566.28,Beverages
2024,Jeonbuk,Jeonbuk,Seoul,35.7175,127.153,343.91,Packaged_Food
2024,Jeonbuk,Jeonbuk,Seoul,35.7175,127.153,261.48,Personal_Care
2024,Jeonbuk,Jeonbuk,Busan,35.7175,127.153,68.29,Fresh_Food
2024,Jeonbuk,Jeonbuk,Busan,35.7175,127.153,347.7,Beverages
2024,Jeonbuk,Jeonbuk,Busan,35.7175,127.153,234.19,Packaged_Food
2024,Jeonbuk,Jeonbuk,Busan,35.7175,127.153,197.34,Personal_Care
2024,Jeonbuk,Jeonbuk,Daegu,35.7175,127.153,11.01,Fresh_Food
2024,Jeonbuk,Jeonbuk,Daegu,35.7175,127.153,220.19,Beverages
2024,Jeonbuk,Jeonbuk,Daegu,35.7175,127.153,5.0,Packaged_Food
2024,Jeonbuk,Jeonbuk,Daegu,35.7175,127.153,158.9,Personal_Care
2024,Jeonbuk,Jeonbuk,Incheon,35.7175,127.153,81.46,Fresh_Food
2024,Jeonbuk,Jeonbuk,Incheon,35.7175,127.153,239.69,Beverages
2024,Jeonbuk,Jeonbuk,Incheon,35.7175,127.153,107.17,Packaged_Food
2024,Jeonbuk,Jeonbuk,Incheon,35.7175,127.153,158.92,Personal_Care
2024,Jeonbuk,Jeonbuk,Gwangju,35.7175,127.153,5.0,Fresh_Food
2024,Jeonbuk,Jeonbuk,Gwangju,35.7175,127.153,239.67,Beverages
2024,Jeonbuk,Jeonbuk,Gwangju,35.7175,127.153,120.93,Packaged_Food
2024,Jeonbuk,Jeonbuk,Gwangju,35.7175,127.153,117.98,Personal_Care
2024,Jeonbuk,Jeonbuk,Daejeon,35.7175,127.153,5.0,Fresh_Food
2024,Jeonbuk,Jeonbuk,Daejeon,35.7175,127.153,173.73,Beverages
2024,Jeonbuk,Jeonbuk,Daejeon,35.7175,127.153,65.12,Packaged_Food
2024,Jeonbuk,Jeonbuk,Daejeon,35.7175,127.153,52.3,Personal_Care
2024,Jeonbuk,Jeonbuk,Ulsan,35.7175,127.153,39.24,Fresh_Food
2024,Jeonbuk,Jeonbuk,Ulsan,35.7175,127.153,183.69,Beverages
2024,Jeonbuk,Jeonbuk,Ulsan,35.7175,127.153,130.76,Packaged_Food
2024,Jeonbuk,Jeonbuk,Ulsan,35.7175,127.153,158.33,Personal_Care
2024,Jeonbuk,Jeonbuk,Sejong,35.7175,127.153,64.02,Fresh_Food
2024,Jeonbuk,Jeonbuk,Sejong,35.7175,127.153,113.1,Beverages
2024,Jeonbuk,Jeonbuk,Sejong,35.7175,127.153,159.96,Packaged_Food
2024,Jeonbuk,Jeonbuk,Sejong,35.7175,127.153,117.0,Personal_Care
2024,Jeonbuk,Jeonbuk,Gyeonggi,35.7175,127.153,194.92,Fresh_Food
2024,Jeonbuk,Jeonbuk,Gyeonggi,35.7175,127.153,775.89,Beverages
2024,Jeonbuk,Jeonbuk,Gyeonggi,35.7175,127.153,466.9,Packaged_Food
2024,Jeonbuk,Jeonbuk,Gyeonggi,35.7175,127.153,450.38,Personal_Care
2024,Jeonbuk,Jeonbuk,Gangwon,35.7175,127.153,5.0,Fresh_Food
2024,Jeonbuk,Jeonbuk,Gangwon,35.7175,127.153,214.29,Beverages
2024,Jeonbuk,Jeonbuk,Gangwon,35.7175,127.153,72.28,Packaged_Food
2024,Jeonbuk,Jeonbuk,Gangwon,35.7175,127.153,36.95,Personal_Care
2024,Jeonbuk,Jeonbuk,Chungbuk,35.7175,127.153,5.0,Fresh_Food
2024,Jeonbuk,Jeonbuk,Chungbuk,35.7175,127.153,186.55,Beverages
2024,Jeonbuk,Jeonbuk,Chungbuk,35.7175,127.153,99.39,Packaged_Food
2024,Jeonbuk,Jeonbuk,Chungbuk,35.7175,127.153,179.37,Personal_Care
2024,Jeonbuk,Jeonbuk,Chungnam,35.7175,127.153,117.86,Fresh_Food
2024,Jeonbuk,Jeonbuk,Chungnam,35.7175,127.153,250.86,Beverages
2024,Jeonbuk,Jeonbuk,Chungnam,35.7175,127.153,159.47,Packaged_Food
2024,Jeonbuk,Jeonbuk,Chungnam,35.7175,127.153,181.31,Personal_Care
2024,Jeonbuk,Jeonbuk,Jeonnam,35.7175,127.153,54.3,Fresh_Food
2024,Jeonbuk,Jeonbuk,Jeonnam,35.7175,127.153,170.64,Beverages
2024,Jeonbuk,Jeonbuk,Jeonnam,35.7175,127.153,73.39,Packaged_Food
2024,Jeonbuk,Jeonbuk,Jeonnam,35.7175,127.153,119.27,Personal_Care
2024,Jeonbuk,Jeonbuk,Gyeongbuk,35.7175,127.153,90.65,Fresh_Food
2024,Jeonbuk,Jeonbuk,Gyeongbuk,35.7175,127.153,265.35,Beverages
2024,Jeonbuk,Jeonbuk,Gyeongbuk,35.7175,127.153,9.04,Packaged_Food
2024,Jeonbuk,Jeonbuk,Gyeongbuk,35.7175,127.153,75.47,Personal_Care
2024,Jeonbuk,Jeonbuk,Gyeongnam,35.7175,127.153,110.98,Fresh_Food
2024,Jeonbuk,Jeonbuk,Gyeongnam,35.7175,127.153,213.46,Beverages
2024,Jeonbuk,Jeonbuk,Gyeongnam,35.7175,127.153,219.21,Packaged_Food
2024,Jeonbuk,Jeonbuk,Gyeongnam,35.7175,127.153,211.81,Personal_Care
2024,Jeonbuk,Jeonbuk,Jeju,35.7175,127.153,22.05,Fresh_Food
2024,Jeonbuk,Jeonbuk,Jeju,35.7175,127.153,109.9,Beverages
2024,Jeonbuk,Jeonbuk,Jeju,35.7175,127.153,66.44,Packaged_Food
2024,Jeonbuk,Jeonbuk,Jeju,35.7175,127.153,34.16,Personal_Care
2024,Jeonnam,Jeonnam,Seoul,34.8679,126.991,81.31,Fresh_Food
2024,Jeonnam,Jeonnam,Seoul,34.8679,126.991,648.36,Beverages
2024,Jeonnam,Jeonnam,Seoul,34.8679,126.991,370.36,Packaged_Food
2024,Jeonnam,Jeonnam,Seoul,34.8679,126.991,239.57,Personal_Care
2024,Jeonnam,Jeonnam,Busan,34.8679,126.991,29.44,Fresh_Food
2024,Jeonnam,Jeonnam,Busan,34.8679,126.991,393.16,Beverages
2024,Jeonnam,Jeonnam,Busan,34.8679,126.991,168.69,Packaged_Food
2024,Jeonnam,Jeonnam,Busan,34.8679,126.991,207.25,Personal_Care
2024,Jeonnam,Jeonnam,Daegu,34.8679,126.991,120.4,Fresh_Food
2024,Jeonnam,Jeonnam,Daegu,34.8679,126.991,127.72,Beverages
2024,Jeonnam,Jeonnam,Daegu,34.8679,126.991,199.06,Packaged_Food
2024,Jeonnam,Jeonnam,Daegu,34.8679,126.991,99.67,Personal_Care
2024,Jeonnam,Jeonnam,Incheon,34.8679,126.991,115.59,Fresh_Food
2024,Jeonnam,Jeonnam,Incheon,34.8679,126.991,390.94,Beverages
2024,Jeonnam,Jeonnam,Incheon,34.8679,126.991,216.77,Packaged_Food
2024,Jeonnam,Jeonnam,Incheon,34.8679,126.991,183.1,Personal_Care
2024,Jeonnam,Jeonnam,Gwangju,34.8679,126.991,64.78,Fresh_Food
2024,Jeonnam,Jeonnam,Gwangju,34.8679,126.991,214.45,Beverages
2024,Jeonnam,Jeonnam,Gwangju,34.8679,126.991,68.49,Packaged_Food
2024,Jeonnam,Jeonnam,Gwangju,34.8679,126.991,12.1,Personal_Care
2024,Jeonnam,Jeonnam,Daejeon,34.8679,126.991,5.0,Fresh_Food
2024,Jeonnam,Jeonnam,Daejeon,34.8679,126.991,194.79,Beverages
2024,Jeonnam,Jeonnam,Daejeon,34.8679,126.991,60.66,Packaged_Food
2024,Jeonnam,Jeonnam,Daejeon,34.8679,126.991,60.78,Personal_Care
2024,Jeonnam,Jeonnam,Ulsan,34.8679,126.991,149.96,Fresh_Food
2024,Jeonnam,Jeonnam,Ulsan,34.8679,126.991,282.94,Beverages
2024,Jeonnam,Jeonnam,Ulsan,34.8679,126.991,107.4,Packaged_Food
2024,Jeonnam,Jeonnam,Ulsan,34.8679,126.991,153.6,Personal_Care
2024,Jeonnam,Jeonnam,Sejong,34.8679,126.991,8.99,Fresh_Food
2024,Jeonnam,Jeonnam,Sejong,34.8679,126.991,125.54,Beverages
2024,Jeonnam,Jeonnam,Sejong,34.8679,126.991,82.08,Packaged_Food
2024,Jeonnam,Jeonnam,Sejong,34.8679,126.991,39.12,Personal_Care
2024,Jeonnam,Jeonnam,Gyeonggi,34.8679,126.991,165.74,Fresh_Food
2024,Jeonnam,Jeonnam,Gyeonggi,34.8679,126.991,861.2,Beverages
2024,Jeonnam,Jeonnam,Gyeonggi,34.8679,126.991,430.71,Packaged_Food
2024,Jeonnam,Jeonnam,Gyeonggi,34.8679,126.991,287.27,Personal_Care
2024,Jeonnam,Jeonnam,Gangwon,34.8679,126.991,6.59,Fresh_Food
2024,Jeonnam,Jeonnam,Gangwon,34.8679,126.991,120.94,Beverages
2024,Jeonnam,Jeonnam,Gangwon,34.8679,126.991,48.94,Packaged_Food
2024,Jeonnam,Jeonnam,Gangwon,34.8679,126.991,123.12,Personal_Care
2024,Jeonnam,Jeonnam,Chungbuk,34.8679,126.991,50.96,Fresh_Food
2024,Jeonnam,Jeonnam,Chungbuk,34.8679,126.991,130.52,Beverages
2024,Jeonnam,Jeonnam,Chungbuk,34.8679,126.991,80.84,Packaged_Food
2024,Jeonnam,Jeonnam,Chungbuk,34.8679,126.991,127.09,Personal_Care
2024,Jeonnam,Jeonnam,Chungnam,34.8679,126.991,59.02,Fresh_Food
2024,Jeonnam,Jeonnam,Chungnam,34.8679,126.991,247.77,Beverages
2024,Jeonnam,Jeonnam,Chungnam,34.8679,126.991,156.56,Packaged_Food
2024,Jeonnam,Jeonnam,Chungnam,34.8679,126.991,220.91,Personal_Care
2024,Jeonnam,Jeonnam,Jeonbuk,34.8679,126.991,73.07,Fresh_Food
2024,Jeonnam,Jeonnam,Jeonbuk,34.8679,126.991,265.05,Beverages
2024,Jeonnam,Jeonnam,Jeonbuk,34.8679,126.991,71.12,Packaged_Food
2024,Jeonnam,Jeonnam,Jeonbuk,34.8679,126.991,99.58,Personal_Care
2024,Jeonnam,Jeonnam,Gyeongbuk,34.8679,126.991,68.57,Fresh_Food
2024,Jeonnam,Jeonnam,Gyeongbuk,34.8679,126.991,285.93,Beverages
2024,Jeonnam,Jeonnam,Gyeongbuk,34.8679,126.991,162.03,Packaged_Food
2024,Jeonnam,Jeonnam,Gyeongbuk,34.8679,126.991,94.05,Personal_Care
2024,Jeonnam,Jeonnam,Gyeongnam,34.8679,126.991,112.37,Fresh_Food
2024,Jeonnam,Jeonnam,Gyeongnam,34.8679,126.991,238.61,Beverages
2024,Jeonnam,Jeonnam,Gyeongnam,34.8679,126.991,93.21,Packaged_Food
2024,Jeonnam,Jeonnam,Gyeongnam,34.8679,126.991,266.78,Personal_Care
2024,Jeonnam,Jeonnam,Jeju,34.8679,126.991,5.0,Fresh_Food
2024,Jeonnam,Jeonnam,Jeju,34.8679,126.991,116.48,Beverages
2024,Jeonnam,Jeonnam,Jeju,34.8679,126.991,124.91,Packaged_Food
2024,Jeonnam,Jeonnam,Jeju,34.8679,126.991,5.0,Personal_Care
2024,Gyeongbuk,Gyeongbuk,Seoul,36.4919,128.8889,266.31,Fresh_Food
2024,Gyeongbuk,Gyeongbuk,Seoul,36.4919,128.8889,872.45,Beverages
2024,Gyeongbuk,Gyeongbuk,Seoul,36.4919,128.8889,502.02,Packaged_Food
2024,Gyeongbuk,Gyeongbuk,Seoul,36.4919,128.8889,360.92,Personal_Care
2024,Gyeongbuk,Gyeongbuk,Busan,36.4919,128.8889,212.56,Fresh_Food
2024,Gyeongbuk,Gyeongbuk,Busan,36.4919,128.8889,523.03,Beverages
2024,Gyeongbuk,Gyeongbuk,Busan,36.4919,128.8889,332.74,Packaged_Food
2024,Gyeongbuk,Gyeongbuk,Busan,36.4919,128.8889,278.2,Personal_Care
2024,Gyeongbuk,Gyeongbuk,Daegu,36.4919,128.8889,122.54,Fresh_Food
2024,Gyeongbuk,Gyeongbuk,Daegu,36.4919,128.8889,338.44,Beverages
2024,Gyeongbuk,Gyeongbuk,Daegu,36.4919,128.8889,76.03,Packaged_Food
2024,Gyeongbuk,Gyeongbuk,Daegu,36.4919,128.8889,11.97,Personal_Care
2024,Gyeongbuk,Gyeongbuk,Incheon,36.4919,128.8889,136.5,Fresh_Food
2024,Gyeongbuk,Gyeongbuk,Incheon,36.4919,128.8889,490.81,Beverages
2024,Gyeongbuk,Gyeongbuk,Incheon,36.4919,128.8889,271.91,Packaged_Food
2024,Gyeongbuk,Gyeongbuk,Incheon,36.4919,128.8889,239.39,Personal_Care
2024,Gyeongbuk,Gyeongbuk,Gwangju,36.4919,128.8889,170.9,Fresh_Food
2024,Gyeongbuk,Gyeongbuk,Gwangju,36.4919,128.8889,291.53,Beverages
2024,Gyeongbuk,Gyeongbuk,Gwangju,36.4919,128.8889,117.65,Packaged_Food
2024,Gyeongbuk,Gyeongbuk,Gwangju,36.4919,128.8889,156.87,Personal_Care
2024,Gyeongbuk,Gyeongbuk,Daejeon,36.4919,128.8889,48.57,Fresh_Food
2024,Gyeongbuk,Gyeongbuk,Daejeon,36.4919,128.8889,284.65,Beverages
2024,Gyeongbuk,Gyeongbuk,Daejeon,36.4919,128.8889,79.13,Packaged_Food
2024,Gyeongbuk,Gyeongbuk,Daejeon,36.4919,128.8889,139.57,Personal_Care
2024,Gyeongbuk,Gyeongbuk,Ulsan,36.4919,128.8889,60.11,Fresh_Food
2024,Gyeongbuk,Gyeongbuk,Ulsan,36.4919,128.8889,279.86,Beverages
2024,Gyeongbuk,Gyeongbuk,Ulsan,36.4919,128.8889,266.79,Packaged_Food
2024,Gyeongbuk,Gyeongbuk,Ulsan,36.4919,128.8889,113.81,Personal_Care
2024,Gyeongbuk,Gyeongbuk,Sejong,36.4919,128.8889,42.35,Fresh_Food
2024,Gyeongbuk,Gyeongbuk,Sejong,36.4919,128.8889,127.86,Beverages
2024,Gyeongbuk,Gyeongbuk,Sejong,36.4919,128.8889,98.85,Packaged_Food
2024,Gyeongbuk,Gyeongbuk,Sejong,36.4919,128.8889,20.28,Personal_Care
2024,Gyeongbuk,Gyeongbuk,Gyeonggi,36.4919,128.8889,322.02,Fresh_Food
2024,Gyeongbuk,Gyeongbuk,Gyeonggi,36.4919,128.8889,1221.81,Beverages
2024,Gyeongbuk,Gyeongbuk,Gyeonggi,36.4919,128.8889,518.02,Packaged_Food
2024,Gyeongbuk,Gyeongbuk,Gyeonggi,36.4919,128.8889,620.85,Personal_Care
2024,Gyeongbuk,Gyeongbuk,Gangwon,36.4919,128.8889,36.91,Fresh_Food
2024,Gyeongbuk,Gyeongbuk,Gangwon,36.4919,128.8889,299.29,Beverages
2024,Gyeongbuk,Gyeongbuk,Gangwon,36.4919,128.8889,221.42,Packaged_Food
2024,Gyeongbuk,Gyeongbuk,Gangwon,36.4919,128.8889,100.31,Personal_Care
2024,Gyeongbuk,Gyeongbuk,Chungbuk,36.4919,128.8889,5.0,Fresh_Food
2024,Gyeongbuk,Gyeongbuk,Chungbuk,36.4919,128.8889,327.4,Beverages
2024,Gyeongbuk,Gyeongbuk,Chungbuk,36.4919,128.8889,151.22,Packaged_Food
2024,Gyeongbuk,Gyeongbuk,Chungbuk,36.4919,128.8889,165.09,Personal_Care
2024,Gyeongbuk,Gyeongbuk,Chungnam,36.4919,128.8889,81.01,Fresh_Food
2024,Gyeongbuk,Gyeongbuk,Chungnam,36.4919,128.8889,347.78,Beverages
2024,Gyeongbuk,Gyeongbuk,Chungnam,36.4919,128.8889,254.02,Packaged_Food
2024,Gyeongbuk,Gyeongbuk,Chungnam,36.4919,128.8889,211.99,Personal_Care
2024,Gyeongbuk,Gyeongbuk,Jeonbuk,36.4919,128.8889,5.0,Fresh_Food
2024,Gyeongbuk,Gyeongbuk,Jeonbuk,36.4919,128.8889,314.34,Beverages
2024,Gyeongbuk,Gyeongbuk,Jeonbuk,36.4919,128.8889,164.31,Packaged_Food
2024,Gyeongbuk,Gyeongbuk,Jeonbuk,36.4919,128.8889,123.74,Personal_Care
2024,Gyeongbuk,Gyeongbuk,Jeonnam,36.4919,128.8889,150.99,Fresh_Food
2024,Gyeongbuk,Gyeongbuk,Jeonnam,36.4919,128.8889,249.09,Beverages
2024,Gyeongbuk,Gyeongbuk,Jeonnam,36.4919,128.8889,131.55,Packaged_Food
2024,Gyeongbuk,Gyeongbuk,Jeonnam,36.4919,128.8889,178.43,Personal_Care
2024,Gyeongbuk,Gyeongbuk,Gyeongnam,36.4919,128.8889,115.84,Fresh_Food
2024,Gyeongbuk,Gyeongbuk,Gyeongnam,36.4919,128.8889,378.78,Beverages
2024,Gyeongbuk,Gyeongbuk,Gyeongnam,36.4919,128.8889,233.19,Packaged_Food
2024,Gyeongbuk,Gyeongbuk,Gyeongnam,36.4919,128.8889,203.28,Personal_Care
2024,Gyeongbuk,Gyeongbuk,Jeju,36.4919,128.8889,70.85,Fresh_Food
2024,Gyeongbuk,Gyeongbuk,Jeju,36.4919,128.8889,119.56,Beverages
2024,Gyeongbuk,Gyeongbuk,Jeju,36.4919,128.8889,60.73,Packaged_Food
2024,Gyeongbuk,Gyeongbuk,Jeju,36.4919,128.8889,3.59,Personal_Care
2024,Gyeongnam,Gyeongnam,Seoul,35.2373,128.6919,228.5,Fresh_Food
2024,Gyeongnam,Gyeongnam,Seoul,35.2373,128.6919,1008.51,Beverages
2024,Gyeongnam,Gyeongnam,Seoul,35.2373,128.6919,441.17,Packaged_Food
2024,Gyeongnam,Gyeongnam,Seoul,35.2373,128.6919,478.37,Personal_Care
2024,Gyeongnam,Gyeongnam,Busan,35.2373,128.6919,113.18,Fresh_Food
2024,Gyeongnam,Gyeongnam,Busan,35.2373,128.6919,580.81,Beverages
2024,Gyeongnam,Gyeongnam,Busan,35.2373,128.6919,315.76,Packaged_Food
2024,Gyeongnam,Gyeongnam,Busan,35.2373,128.6919,328.69,Personal_Care
2024,Gyeongnam,Gyeongnam,Daegu,35.2373,128.6919,195.69,Fresh_Food
2024,Gyeongnam,Gyeongnam,Daegu,35.2373,128.6919,361.23,Beverages
2024,Gyeongnam,Gyeongnam,Daegu,35.2373,128.6919,189.49,Packaged_Food
2024,Gyeongnam,Gyeongnam,Daegu,35.2373,128.6919,129.5,Personal_Care
2024,Gyeongnam,Gyeongnam,Incheon,35.2373,128.6919,174.61,Fresh_Food
2024,Gyeongnam,Gyeongnam,Incheon,35.2373,128.6919,595.9,Beverages
2024,Gyeongnam,Gyeongnam,Incheon,35.2373,128.6919,362.42,Packaged_Food
2024,Gyeongnam,Gyeongnam,Incheon,35.2373,128.6919,343.58,Personal_Care
2024,Gyeongnam,Gyeongnam,Gwangju,35.2373,128.6919,97.57,Fresh_Food
2024,Gyeongnam,Gyeongnam,Gwangju,35.2373,128.6919,296.5,Beverages
2024,Gyeongnam,Gyeongnam,Gwangju,35.2373,128.6919,170.23,Packaged_Food
2024,Gyeongnam,Gyeongnam,Gwangju,35.2373,128.6919,154.45,Personal_Care
2024,Gyeongnam,Gyeongnam,Daejeon,35.2373,128.6919,127.67,Fresh_Food
2024,Gyeongnam,Gyeongnam,Daejeon,35.2373,128.6919,361.31,Beverages
2024,Gyeongnam,Gyeongnam,Daejeon,35.2373,128.6919,145.18,Packaged_Food
2024,Gyeongnam,Gyeongnam,Daejeon,35.2373,128.6919,86.9,Personal_Care
2024,Gyeongnam,Gyeongnam,Ulsan,35.2373,128.6919,162.67,Fresh_Food
2024,Gyeongnam,Gyeongnam,Ulsan,35.2373,128.6919,413.09,Beverages
2024,Gyeongnam,Gyeongnam,Ulsan,35.2373,128.6919,176.03,Packaged_Food
2024,Gyeongnam,Gyeongnam,Ulsan,35.2373,128.6919,219.14,Personal_Care
2024,Gyeongnam,Gyeongnam,Sejong,35.2373,128.6919,51.74,Fresh_Food
2024,Gyeongnam,Gyeongnam,Sejong,35.2373,128.6919,257.93,Beverages
2024,Gyeongnam,Gyeongnam,Sejong,35.2373,128.6919,5.0,Packaged_Food
2024,Gyeongnam,Gyeongnam,Sejong,35.2373,128.6919,76.14,Personal_Care
2024,Gyeongnam,Gyeongnam,Gyeonggi,35.2373,128.6919,399.95,Fresh_Food
2024,Gyeongnam,Gyeongnam,Gyeonggi,35.2373,128.6919,1308.16,Beverages
2024,Gyeongnam,Gyeongnam,Gyeonggi,35.2373,128.6919,728.63,Packaged_Food
2024,Gyeongnam,Gyeongnam,Gyeonggi,35.2373,128.6919,578.91,Personal_Care
2024,Gyeongnam,Gyeongnam,Gangwon,35.2373,128.6919,117.61,Fresh_Food
2024,Gyeongnam,Gyeongnam,Gangwon,35.2373,128.6919,306.61,Beverages
2024,Gyeongnam,Gyeongnam,Gangwon,35.2373,128.6919,43.91,Packaged_Food
2024,Gyeongnam,Gyeongnam,Gangwon,35.2373,128.6919,113.22,Personal_Care
2024,Gyeongnam,Gyeongnam,Chungbuk,35.2373,128.6919,74.67,Fresh_Food
2024,Gyeongnam,Gyeongnam,Chungbuk,35.2373,128.6919,239.02,Beverages
2024,Gyeongnam,Gyeongnam,Chungbuk,35.2373,128.6919,146.27,Packaged_Food
2024,Gyeongnam,Gyeongnam,Chungbuk,35.2373,128.6919,203.66,Personal_Care
2024,Gyeongnam,Gyeongnam,Chungnam,35.2373,128.6919,92.45,Fresh_Food
2024,Gyeongnam,Gyeongnam,Chungnam,35.2373,128.6919,460.11,Beverages
2024,Gyeongnam,Gyeongnam,Chungnam,35.2373,128.6919,236.47,Packaged_Food
2024,Gyeongnam,Gyeongnam,Chungnam,35.2373,128.6919,223.39,Personal_Care
2024,Gyeongnam,Gyeongnam,Jeonbuk,35.2373,128.6919,44.74,Fresh_Food
2024,Gyeongnam,Gyeongnam,Jeonbuk,35.2373,128.6919,352.94,Beverages
2024,Gyeongnam,Gyeongnam,Jeonbuk,35.2373,128.6919,80.65,Packaged_Food
2024,Gyeongnam,Gyeongnam,Jeonbuk,35.2373,128.6919,160.43,Personal_Care
2024,Gyeongnam,Gyeongnam,Jeonnam,35.2373,128.6919,149.27,Fresh_Food
2024,Gyeongnam,Gyeongnam,Jeonnam,35.2373,128.6919,297.63,Beverages
2024,Gyeongnam,Gyeongnam,Jeonnam,35.2373,128.6919,123.63,Packaged_Food
2024,Gyeongnam,Gyeongnam,Jeonnam,35.2373,128.6919,196.28,Personal_Care
2024,Gyeongnam,Gyeongnam,Gyeongbuk,35.2373,128.6919,120.17,Fresh_Food
2024,Gyeongnam,Gyeongnam,Gyeongbuk,35.2373,128.6919,485.27,Beverages
2024,Gyeongnam,Gyeongnam,Gyeongbuk,35.2373,128.6919,225.92,Packaged_Food
2024,Gyeongnam,Gyeongnam,Gyeongbuk,35.2373,128.6919,104.59,Personal_Care
2024,Gyeongnam,Gyeongnam,Jeju,35.2373,128.6919,91.0,Fresh_Food
2024,Gyeongnam,Gyeongnam,Jeju,35.2373,128.6919,231.5,Beverages
2024,Gyeongnam,Gyeongnam,Jeju,35.2373,128.6919,128.2,Packaged_Food
2024,Gyeongnam,Gyeongnam,Jeju,35.2373,128.6919,5.0,Personal_Care
2024,Jeju,Jeju,Seoul,33.489,126.4983,82.55,Fresh_Food
2024,Jeju,Jeju,Seoul,33.489,126.4983,216.66,Beverages
2024,Jeju,Jeju,Seoul,33.489,126.4983,65.79,Packaged_Food
2024,Jeju,Jeju,Seoul,33.489,126.4983,126.14,Personal_Care
2024,Jeju,Jeju,Busan,33.489,126.4983,32.55,Fresh_Food
2024,Jeju,Jeju,Busan,33.489,126.4983,185.43,Beverages
2024,Jeju,Jeju,Busan,33.489,126.4983,82.83,Packaged_Food
2024,Jeju,Jeju,Busan,33.489,126.4983,23.96,Personal_Care
2024,Jeju,Jeju,Daegu,33.489,126.4983,5.0,Fresh_Food
2024,Jeju,Jeju,Daegu,33.489,126.4983,59.1,Beverages
2024,Jeju,Jeju,Daegu,33.489,126.4983,5.0,Packaged_Food
2024,Jeju,Jeju,Daegu,33.489,126.4983,5.0,Personal_Care
2024,Jeju,Jeju,Incheon,33.489,126.4983,25.45,Fresh_Food
2024,Jeju,Jeju,Incheon,33.489,126.4983,215.19,Beverages
2024,Jeju,Jeju,Incheon,33.489,126.4983,45.22,Packaged_Food
2024,Jeju,Jeju,Incheon,33.489,126.4983,34.13,Personal_Care
2024,Jeju,Jeju,Gwangju,33.489,126.4983,5.0,Fresh_Food
2024,Jeju,Jeju,Gwangju,33.489,126.4983,81.53,Beverages
2024,Jeju,Jeju,Gwangju,33.489,126.4983,98.96,Packaged_Food
2024,Jeju,Jeju,Gwangju,33.489,126.4983,140.13,Personal_Care
2024,Jeju,Jeju,Daejeon,33.489,126.4983,34.27,Fresh_Food
2024,Jeju,Jeju,Daejeon,33.489,126.4983,87.0,Beverages
2024,Jeju,Jeju,Daejeon,33.489,126.4983,12.83,Packaged_Food
2024,Jeju,Jeju,Daejeon,33.489,126.4983,21.17,Personal_Care
2024,Jeju,Jeju,Ulsan,33.489,126.4983,55.46,Fresh_Food
2024,Jeju,Jeju,Ulsan,33.489,126.4983,80.26,Beverages
2024,Jeju,Jeju,Ulsan,33.489,126.4983,39.89,Packaged_Food
2024,Jeju,Jeju,Ulsan,33.489,126.4983,46.73,Personal_Care
2024,Jeju,Jeju,Sejong,33.489,126.4983,5.0,Fresh_Food
2024,Jeju,Jeju,Sejong,33.489,126.4983,44.25,Beverages
2024,Jeju,Jeju,Sejong,33.489,126.4983,5.0,Packaged_Food
2024,Jeju,Jeju,Sejong,33.489,126.4983,51.44,Personal_Care
2024,Jeju,Jeju,Gyeonggi,33.489,126.4983,197.59,Fresh_Food
2024,Jeju,Jeju,Gyeonggi,33.489,126.4983,292.4,Beverages
2024,Jeju,Jeju,Gyeonggi,33.489,126.4983,178.69,Packaged_Food
2024,Jeju,Jeju,Gyeonggi,33.489,126.4983,202.58,Personal_Care
2024,Jeju,Jeju,Gangwon,33.489,126.4983,80.01,Fresh_Food
2024,Jeju,Jeju,Gangwon,33.489,126.4983,50.78,Beverages
2024,Jeju,Jeju,Gangwon,33.489,126.4983,5.0,Packaged_Food
2024,Jeju,Jeju,Gangwon,33.489,126.4983,45.36,Personal_Care
2024,Jeju,Jeju,Chungbuk,33.489,126.4983,26.43,Fresh_Food
2024,Jeju,Jeju,Chungbuk,33.489,126.4983,62.72,Beverages
2024,Jeju,Jeju,Chungbuk,33.489,126.4983,33.32,Packaged_Food
2024,Jeju,Jeju,Chungbuk,33.489,126.4983,47.18,Personal_Care
2024,Jeju,Jeju,Chungnam,33.489,126.4983,46.09,Fresh_Food
2024,Jeju,Jeju,Chungnam,33.489,126.4983,127.99,Beverages
2024,Jeju,Jeju,Chungnam,33.489,126.4983,45.12,Packaged_Food
2024,Jeju,Jeju,Chungnam,33.489,126.4983,75.21,Personal_Care
2024,Jeju,Jeju,Jeonbuk,33.489,126.4983,5.75,Fresh_Food
2024,Jeju,Jeju,Jeonbuk,33.489,126.4983,112.1,Beverages
2024,Jeju,Jeju,Jeonbuk,33.489,126.4983,8.63,Packaged_Food
2024,Jeju,Jeju,Jeonbuk,33.489,126.4983,43.65,Personal_Care
2024,Jeju,Jeju,Jeonnam,33.489,126.4983,5.0,Fresh_Food
2024,Jeju,Jeju,Jeonnam,33.489,126.4983,61.5,Beverages
2024,Jeju,Jeju,Jeonnam,33.489,126.4983,68.37,Packaged_Food
2024,Jeju,Jeju,Jeonnam,33.489,126.4983,5.0,Personal_Care
2024,Jeju,Jeju,Gyeongbuk,33.489,126.4983,11.99,Fresh_Food
2024,Jeju,Jeju,Gyeongbuk,33.489,126.4983,5.0,Beverages
2024,Jeju,Jeju,Gyeongbuk,33.489,126.4983,5.0,Packaged_Food
2024,Jeju,Jeju,Gyeongbuk,33.489,126.4983,0.68,Personal_Care
2024,Jeju,Jeju,Gyeongnam,33.489,126.4983,37.09,Fresh_Food
2024,Jeju,Jeju,Gyeongnam,33.489,126.4983,144.67,Beverages
2024,Jeju,Jeju,Gyeongnam,33.489,126.4983,61.2,Packaged_Food
2024,Jeju,Jeju,Gyeongnam,33.489,126.4983,44.87,Personal_Care
